Mountain,Height,Drop,Lon,Lat,Range,Region,Country,Firstascent
Mont Blanc,4808,4695,6.8644,45.8325,Mont Blanc massif,U-Savoy/Aosta,FR/IT,1786
Monte Rosa (Dufourspitze),4634,2165,7.8669,45.9369,Monte Rosa Alps,Valais,CH,1855
Dom,4545,1046,7.8589,46.0939,Mischabel,Valais,CH,1858
Liskamm,4527,376,7.8356,45.9222,Monte Rosa Alps,Valais/Aosta,CH/IT,1861
Weisshorn,4506,1235,7.7158,46.1014,Weisshorn-Matterhorn,Valais,CH,1861
Matterhorn,4478,1042,7.6586,45.9764,Weisshorn-Matterhorn,Valais/Aosta,CH/IT,1865
Dent Blanche,4357,915,7.6119,46.0342,Weisshorn-Matterhorn,Valais,CH,1862
Grand Combin,4314,1517,7.2992,45.9375,Grand Combin Alps,Valais,CH,1859
Finsteraarhorn,4274,2280,8.1261,46.5372,Bernese Alps,Bern/Valais,CH,1829
Zinalrothorn,4221,490,7.6903,46.0650,Weisshorn-Matterhorn,Valais,CH,1864
Grandes Jorasses (Pointe Walker),4208,843,6.9883,45.8692,Mont Blanc massif,U-Savoy/Aosta,FR/IT,1868
Alphubel,4206,359,7.8639,46.0631,Mischabel,Valais,CH,1860
Rimpfischhorn,4199,642,7.8842,46.0233,Mischabel,Valais,CH,1859
Aletschhorn,4193,1029,7.9939,46.4650,Bernese Alps,Valais,CH,1859
Strahlhorn,4190,401,7.9017,46.0133,Mischabel,Valais,CH,1854
Dent d'Hérens,4174,701,7.6053,45.9700,Weisshorn-Matterhorn,Valais/Aosta,CH/IT,1863
Breithorn,4164,439,7.7489,45.9411,Monte Rosa Alps,Valais/Aosta,CH/IT,1813
Jungfrau,4158,687,7.9625,46.5367,Bernese Alps,Bern/Valais,CH,1811
Aiguille Verte,4122,689,6.9703,45.9347,Mont Blanc massif,Upper Savoy,FR,1865
Mönch,4107,584,7.9972,46.5583,Bernese Alps,Bern/Valais,CH,1857
Barre des Écrins,4102,2045,6.3600,44.9225,Massif des Écrins,Hautes-Alpes,FR,1864
Schreckhorn,4078,792,8.1181,46.5900,Bernese Alps,Bern,CH,1861
Ober Gabelhorn,4063,536,7.6681,46.0386,Weisshorn-Matterhorn,Valais,CH,1865
Gran Paradiso,4061,1888,7.2672,45.5181,Gran Paradiso Alps,Aosta Valley,IT,1860
Piz Bernina,4049,2234,9.9081,46.3822,Bernina Range,Graubünden,CH,1850
Gross Fiescherhorn,4049,398,8.0614,46.5514,Bernese Alps,Bern/Valais,CH,1862
Gross Grünhorn,4044,305,8.0778,46.5319,Bernese Alps,Valais,CH,1865
Weissmies,4017,1186,8.0122,46.1278,Weissmies Alps,Valais,CH,1855
Lagginhorn,4010,511,8.0031,46.1572,Weissmies Alps,Valais,CH,1856
Piz Zupò,3996,405,9.9314,46.3683,Bernina Range,Graub./Sondrio,CH/IT,1863
Fletschhorn,3985,297,8.0033,46.1681,Weissmies Alps,Valais,CH,1854
Gletscherhorn,3983,346,7.9678,46.5128,Bernese Alps,Bern/Valais,CH,1867
Meije,3982,824,6.3086,45.0047,Massif des Écrins,Isère/H-Alpes,FR,1877
Eiger,3970,356,8.0053,46.5775,Bernese Alps,Bern,CH,1858
Grivola,3969,714,7.2575,45.5958,Gran Paradiso Alps,Aosta Valley,IT,1859
Grand Cornier,3962,431,7.6114,46.0519,Weisshorn-Matterhorn,Valais,CH,1865
Ailefroide,3954,762,6.3564,44.8850,Massif des Écrins,Isère/H-Alpes,FR,1870
Mont Pelvoux,3943,465,6.3967,44.8975,Massif des Écrins,Hautes-Alpes,FR,1828
Piz Roseg,3937,415,9.8831,46.3736,Bernina Range,Graubünden,CH,1865
Bietschhorn,3934,806,7.8508,46.3917,Bernese Alps,Valais,CH,1859
Trugberg,3933,306,8.0153,46.5467,Bernese Alps,Valais,CH,1871
Aiguille de Tré la Tête,3930,588,6.8150,45.7947,Mont Blanc massif,Aosta Valley,IT,1864
Pic Sans Nom,3913,340,6.3839,44.8933,Massif des Écrins,Hautes-Alpes,FR,1877
Gross Wannenhorn,3906,626,8.0969,46.4939,Bernese Alps,Valais,CH,1864
Ortler,3905,1953,10.5447,46.5089,Ortler Alps,South Tyrol,IT,1804
Aiguille d'Argentière,3901,473,7.0200,45.9600,Mont Blanc massif,Valais/U-Savoy,CH/FR,1864
Ruinette,3875,851,7.4003,45.9792,Grand Combin Alps,Valais,CH,1865
Aiguille de Triolet,3870,301,7.0244,45.9167,Mont Blanc massif,U-Savoy/Aosta,FR/IT,1874
Grande Casse,3855,1305,6.8278,45.4053,Vanoise massif,Savoy,FR,1860
Königspitze / Gran Zebrù,3851,424,10.5683,46.4786,Ortler Alps,S-Tyrol/Sondrio,IT,1854
Aiguille du Midi,3842,310,6.8875,45.8786,Mont Blanc massif,Upper Savoy,FR,1856
Monviso / Monte Viso / Vísol,3841,2062,7.0908,44.6675,Southern Cottian Alps,Cuneo,IT,1861
Bouquetins,3838,490,7.5453,45.9822,Weisshorn-Matterhorn,Valais/Aosta,CH/IT,1871
Tour Noir,3837,302,7.0375,45.9489,Mont Blanc massif,Valais/U-Savoy,CH/FR,1876
Brunegghorn,3833,293,7.7456,46.1258,Weisshorn-Matterhorn,Valais,CH,1865
Aiguille du Chardonnet,3824,503,7.0011,45.9689,Mont Blanc massif,Upper Savoy,FR,1865
Nesthorn,3821,636,7.9261,46.4133,Bernese Alps,Valais,CH,1865
Mont Dolent,3820,330,7.0461,45.9225,Mont Blanc massif,Valais/Aosta,CH/IT,1864
Aiguille des Glaciers,3816,301,6.8025,45.7786,Mont Blanc massif,Aosta/U-Savoy,FR/IT,1878
Le Râteau,3809,452,6.2831,45.0008,Massif des Écrins,Isère/H-Alpes,FR,1873
Großglockner,3798,2428,12.6944,47.0742,Glockner Group,Carinthia/E-Tyrol,AT,1800
Schinhorn,3797,422,7.9467,46.4517,Bernese Alps,Valais,CH,1869
Pointe de Zinal,3789,301,7.6306,46.0269,Weisshorn-Matterhorn,Valais,CH,1870
Lauterbrunnen Breithorn,3780,443,7.8767,46.4786,Bernese Alps,Bern/Valais,CH,1865
Mont Pourri,3779,1127,6.8603,45.5281,Vanoise massif,Savoy,FR,1861
Aiguille Noire de Peuterey,3772,343,6.8931,45.8153,Mont Blanc massif,Aosta Valley,IT,1877
Wildspitze,3770,2263,10.8672,46.8853,Ötztal Alps,North Tyrol,AT,1848
Monte Cevedale,3769,531,10.6167,46.4439,Ortler Alps,Sondrio/Trentino,IT,1865
Grande Ruine,3765,496,6.3297,44.9678,Massif des Écrins,Isère/H-Alpes,FR,1873
Aiguille de Leschaux,3759,309,7.0069,45.8875,Mont Blanc massif,Upper Savoy,FR/IT,1872
Pointe de Charbonnel,3752,997,7.0550,45.2803,Graian Alps - SE,Savoy,FR,1862
Piz Morteratsch,3751,324,9.9017,46.4028,Bernina Range,Graubünden,CH,1858
Aiguille de la Grande Sassière,3747,792,7.0000,45.5050,Graian Alps - Central,Savoy/Aosta,FR/IT,1808
Weißkugel,3739,569,10.7264,46.7978,Ötztal Alps,N-Tyrol/S-Tyrol,AT/IT,1845
Roche Faurio,3730,363,6.3581,44.9419,Massif des Écrins,Isère,FR,1873
Mont Vélan,3726,620,7.2517,45.8917,Grand Combin Alps,Valais/Aosta,CH/IT,1779
Evêque,3716,647,7.5028,45.9644,Grand Combin Alps,Valais,CH,1867
Combin de Corbassière,3716,312,7.2806,45.9781,Grand Combin Alps,Valais,CH,1851
La Singla,3714,452,7.4719,45.9458,Grand Combin Alps,Valais/Aosta,CH/IT,1867
Wetterhörner (Mittelhorn),3704,579,8.1247,46.6353,Bernese Alps,Bern,CH,1845
Le Pleureur,3704,467,7.3692,46.0164,Grand Combin Alps,Valais,CH,1867
Balmhorn,3698,1022,7.6936,46.4250,Bernese Alps,Bern/Valais,CH,1864
Dent Parrachée,3697,1180,6.7564,45.2892,Vanoise massif,Savoy,FR,1862
Torre del Gran San Pietro,3692,377,7.3589,45.5258,Gran Paradiso Alps,Aosta/Turin,IT,1867
Monte Disgrazia,3678,1116,9.7494,46.2692,Bregaglia Range,Sondrio,IT,1862
Punta San Matteo,3678,369,10.5672,46.3778,Ortler Alps,Sondrio/Trentino,IT,1865
Uia di Ciamarella,3676,664,7.1453,45.3286,Graian Alps - SE,Turin,IT,1857
Dent de Perroc,3676,408,7.5231,46.0394,Weisshorn-Matterhorn,Valais,CH,1871
Dômes de Miage,3673,324,6.8003,45.8156,Mont Blanc massif,Savoy/U-Savoy,FR,1858
Les Bans,3669,386,6.3367,44.8486,Massif des Écrins,Isère/H-Alpes,FR,1878
Großvenediger,3666,1185,12.3464,47.1092,Venediger Group,E-Tyrol/Salzburg,AT,1841
Montagne des Agneaux,3664,460,6.4306,44.9503,Massif des Écrins,Hautes-Alpes,FR,1873
Blüemlisalphorn,3661,874,7.7725,46.4889,Bernese Alps,Bern,CH,1860
Portjengrat: Pizzo d'Andolla,3654,411,8.0347,46.1008,Weissmies Alps,Valais/V-C-O,CH/IT,1871
Grande Motte,3653,401,6.8703,45.4114,Vanoise massif,Savoy,FR,1864
Thurwieserspitze,3652,299,10.5253,46.4953,Ortler Alps,S-Tyrol/Sondrio,IT,1869
Aiguilles Rouges d'Arolla,3644,789,7.4336,46.0553,Grand Combin Alps,Valais,CH,1870
Ciarforon,3643,349,7.2472,45.4933,Gran Paradiso Alps,Aosta/Turin,IT,1871
Doldenhorn,3638,654,7.7347,46.4689,Bernese Alps,Bern,CH,1862
Albaron,3637,327,7.1028,45.3325,Graian Alps - SE,Savoy,FR,1866
Dammastock,3630,1466,8.4211,46.6433,Urner Alps,Uri/Valais,CH,1864
Hintere Schwärze,3628,835,10.9147,46.7733,Ötztal Alps,N-Tyrol/S-Tyrol,AT/IT,1867
Levanna Centrale,3619,525,7.1719,45.4103,Graian Alps - SE,Savoy/Turin,FR/IT,1875
Tödi (Piz Russein),3614,1570,8.9147,46.8111,Glarus Alps,Glarus/Graub.,CH,1824
Pointe de Ronce,3612,500,6.9786,45.2644,Graian Alps - SE,Savoy,FR,1784
Les Diablons,3609,379,7.6711,46.1425,Weisshorn-Matterhorn,Valais,CH,1863
Grande Rousse/Bec de l'Invergnan,3607,525,7.0844,45.5633,Graian Alps - Central,Aosta Valley,IT,1874
Tsanteleina,3602,490,7.0461,45.4794,Graian Alps - Central,Savoy/Aosta,FR/IT,1865
Aiguille du Plat de la Selle,3596,423,6.2233,44.9644,Massif des Écrins,Isère,FR,1876
Piz Glüschaint,3594,341,9.8400,46.3625,Bernina Range,Graub./Sondrio,CH/IT,1863
Bessanèse,3592,386,7.1194,45.3022,Graian Alps - SE,Savoy/Turin,FR/IT,1857
Les Rouies,3589,506,6.2586,44.8644,Massif des Écrins,Isère,FR,1873
Grand Roc Noir,3582,818,6.8919,45.3303,Vanoise massif,Savoy,FR,0
Mont Brulé,3578,365,7.5383,45.9550,Weisshorn-Matterhorn,Valais/Aosta,CH/IT,1876
Croix Rousse/Croce Rossa,3571,499,7.1347,45.2606,Graian Alps - SE,Savoy/Turin,FR/IT,1857
Olan,3564,552,6.1972,44.8594,Massif des Écrins,Isère/H-Alpes,FR,1875
Großes Wiesbachhorn,3564,481,12.7553,47.1564,Glockner Group,Salzburg,AT,1795
Plaret,3563,362,6.2600,44.9686,Massif des Écrins,Isère,FR,1877
Cime de Clot Châtel,3563,320,6.2803,44.8975,Massif des Écrins,Isère,FR,1877
Ouille d'Arbéron/Pta d'Arnas,3563,294,7.1281,45.2717,Graian Alps - SE,Savoy/Turin,FR/IT,1873
Aiguille de Péclet,3562,766,6.6244,45.2814,Vanoise massif,Savoy,FR,1878
Tschingelhorn,3562,388,7.8486,46.4786,Bernese Alps,Bern/Valais,CH,1865
Monte Emilius,3559,733,7.3847,45.6789,Gran Paradiso Alps,Aosta Valley,IT,1826
Tête de l'Étret,3559,310,6.2453,44.8900,Massif des Écrins,Isère,FR,1876
Presanella,3558,1676,10.6639,46.2200,Adamello-Presanella,Trentino,IT,1864
Aouille Tseuque,3554,345,7.4431,45.9303,Grand Combin Alps,Valais/Aosta,CH/IT,0
Monte Leone,3553,1144,8.1100,46.2494,Leone-Gotthard Alps,Valais/V-C-O,CH/IT,1859
Großer Ramolkogel,3550,380,10.9589,46.8467,Ötztal Alps,North Tyrol,AT,1862
Vertainspitze,3545,422,10.6356,46.5372,Ortler Alps,South Tyrol,IT,1865
Schalfkogel,3540,351,10.9592,46.8017,Ötztal Alps,North Tyrol,AT,1830
Adamello,3539,664,10.4961,46.1558,Adamello-Presanella,Brescia,IT,1864
Rocciamelone,3538,310,7.0769,45.2039,Graian Alps - SE,Turin,IT,1358
Hochvernagtspitze,3535,299,10.7961,46.8814,Ötztal Alps,North Tyrol,AT,1865
Watzespitze,3533,489,10.7956,46.9894,Ötztal Alps,North Tyrol,AT,1869
Bec d'Epicoune,3531,298,7.4225,45.9147,Grand Combin Alps,Valais/Aosta,CH/IT,1866
Mont Gelé,3518,619,7.3661,45.9042,Grand Combin Alps,Valais/Aosta,CH/IT,1861
Weißseespitze,3518,345,10.7172,46.8467,Ötztal Alps,N-Tyrol/S-Tyrol,AT/IT,1870
Aiguille Méridionale d'Arves,3514,1433,6.3369,45.1272,Dauphiné Alps,H-Alpes/Savoy,FR,1878
Fineilspitze,3514,504,10.8319,46.7803,Ötztal Alps,N-Tyrol/S-Tyrol,AT/IT,1865
Punta Tersiva,3512,596,7.4761,45.6206,Gran Paradiso Alps,Aosta Valley,IT,1842
Hochfeiler,3509,981,11.7278,46.9722,Zillertal Alps,N-Tyrol/S-Tyrol,AT/IT,1865
Zuckerhütl,3507,1033,11.1539,46.9644,Stubai Alps,North Tyrol,AT,1863
Aiguille de Scolette/Pierre Menue,3506,1069,6.7686,45.1600,Northern Cottian Alps,Savoy/Turin,FR/IT,1875
Galmihorn,3505,293,8.1850,46.5067,Bernese Alps,Valais,CH,1884
Becca di Luseney / de Leseney,3504,646,7.4911,45.8706,Weisshorn-Matterhorn,Aosta Valley,IT,1866
Sustenhorn,3503,414,8.4553,46.6989,Urner Alps,Bern/Uri,CH,1841
Dreiherrnspitze,3499,581,12.2408,47.0692,Venediger Group,E-Tyr/Salz/S-Tyr,AT/IT,1866
Schrankogel,3497,545,11.0992,47.0439,Stubai Alps,North Tyrol,AT,1840
Rötspitze,3496,653,12.2053,47.0269,Venediger Group,E-Tyrol/S-Tyrol,AT/IT,1854
Grande Traversière,3496,342,7.0558,45.5231,Graian Alps - Central,Aosta Valley,IT,1885
M. Morion Sud/M. Rion Méridional,3489,345,7.3653,45.8781,Grand Combin Alps,Aosta Valley,IT,0
Grand Nomenon,3488,389,7.2361,45.6119,Gran Paradiso Alps,Aosta Valley,IT,1877
Sonnighorn/ Pizzo Bottarello,3487,340,8.0222,46.0742,Weissmies Alps,Valais/V-C-O,CH/IT,1879
Testa del Rutor,3486,850,7.0144,45.6308,Graian Alps - Central,Aosta Valley,IT,1858
Grande Aiguille Rousse,3482,390,7.1097,45.4331,Graian Alps - SE,Savoy,FR,1878
Pic de Bonvoisin,3481,397,6.3469,44.8236,Massif des Écrins,Hautes-Alpes,FR,1879
Großer Möseler,3480,455,11.7819,46.9925,Zillertal Alps,N-Tyrol/S-Tyrol,AT/IT,1865
Hochwilde,3480,353,11.0222,46.7656,Ötztal Alps,N-Tyrol/S-Tyrol,AT/IT,1852
Olperer,3476,1231,11.6589,47.0531,Zillertal Alps,North Tyrol,AT,1867
Ruderhofspitze,3474,370,11.1433,47.0394,Stubai Alps,North Tyrol,AT,1864
Hinterer Seelenkogel,3472,441,11.0444,46.8017,Ötztal Alps,N-Tyrol/S-Tyrol,AT/IT,1871
Grande Rousse S (Pic Bayle),3465,1175,6.1358,45.1378,Dauphiné Alps,Isère,FR,1874
Roche de la Muzelle,3465,529,6.1067,44.9311,Massif des Écrins,Isère,FR,1875
Pic de l'Étendard,3464,170,6.1439,45.1544,Dauphiné Alps,Isère/Savoy,FR,1863
Carè Alto,3463,481,10.5961,46.1081,Adamello-Presanella,Trentino,IT,1865
Vordere Ölgrubenspitze,3456,390,10.7733,46.9083,Ötztal Alps,North Tyrol,AT,1876
Bliggspitze,3453,390,10.7861,46.9181,Ötztal Alps,North Tyrol,AT,1874
Johannisberg,3453,293,12.6728,47.1094,Glockner Group,Carinth/Salzburg,AT,1844
Piz Corvatsch,3451,383,9.8161,46.4083,Bernina Range,Graubünden,CH,1850
Rinderhorn,3448,412,7.6542,46.4136,Bernese Alps,Valais,CH,1854
Punta Garin,3448,294,7.3778,45.6558,Gran Paradiso Alps,Aosta Valley,IT,1856
Wasenhorn,3447,303,8.1658,46.4981,Bernese Alps,Valais,CH,1885
Hintere Eggenspitze / Cima Sternai,3443,478,10.7706,46.4778,Ortler Alps,S-Tyrol/Trentino,IT,1868
Roc du Mulinet/Cima Martellot,3442,342,7.1628,45.3808,Graian Alps - SE,Savoy/Turin,FR/IT,1878
Sirac,3441,357,6.3069,44.7897,Massif des Écrins,Hautes-Alpes,FR,1877
Piz Tremoggia,3441,349,9.8219,46.3519,Bernina Range,Graub./Sondrio,CH/IT,1859
Dosson di Genova,3441,313,10.5536,46.1486,Adamello-Presanella,Brescia/Trentino,IT,1882
Cima de' Piazzi,3439,1202,10.2850,46.4167,Livigno Alps,Sondrio,IT,1867
Lagaunspitze,3439,422,10.7392,46.7392,Ötztal Alps,South Tyrol,IT,1876
Zufrittspitze,3439,309,10.7822,46.5019,Ortler Alps,South Tyrol,IT,1868
Taou Blanc,3438,415,7.1481,45.5222,Graian Alps - Central,Aosta Valley,IT,1880
Hochgall,3436,1148,12.1397,46.9108,Rieserferner Group,South Tyrol,IT,1854
Gspaltenhorn,3436,599,7.8275,46.5117,Bernese Alps,Bern,CH,1869
Stellihorn,3436,598,8.0008,46.0364,Weissmies Alps,Valais,CH,0
Pointe de la Sana,3436,525,6.9181,45.3850,Vanoise massif,Savoy,FR,1877
Punta Bianca di Bioula,3427,463,7.1667,45.5867,Graian Alps - Central,Aosta Valley,IT,0
Verpeilspitze,3425,415,10.8050,47.0033,Ötztal Alps,North Tyrol,AT,1886
Pointe de l'Échelle,3422,537,6.6853,45.2692,Vanoise massif,Savoy,FR,0
Aiguille du Goleon,3422,330,6.3264,45.1036,Dauphiné Alps,Hautes-Alpes,FR,0
Aiguille de l'Épéna,3421,330,6.8172,45.4147,Vanoise massif,Savoy,FR,1900
Pics du Says,3420,298,6.3058,44.8739,Massif des Écrins,Isère/H-Alpes,FR,1879
Bifertenstock / Piz Durschin,3419,383,8.9575,46.8044,Glarus Alps,Glarus/Graub.,CH,1863
Piz Kesch / Piz d' Es-Cha,3418,1503,9.8728,46.6214,Albula Alps,Graubünden,CH,1846
Sommet de Bellecôte,3417,808,6.7825,45.4925,Vanoise massif,Savoy,FR,1866
Fleckistock / Rot Stock,3416,760,8.4975,46.7075,Urner Alps,Uri,CH,1864
Pointe du Bouchet,3416,321,6.6042,45.2542,Vanoise massif,Savoy,FR,0
Aiguille de Chambeyron,3412,771,6.8567,44.5478,Southern Cottian Alps,A-d-H-Provence,FR,1879
Piz Linard,3411,1028,10.0717,46.7989,Silvretta,Graubünden,CH,1835
Schrammacher,3410,451,11.6431,47.0269,Zillertal Alps,North Tyrol,AT,1847
Hochfirst,3403,401,11.0811,46.8267,Ötztal Alps,N-Tyrol/S-Tyrol,AT/IT,1870
Rheinwaldhorn,3402,1337,9.0403,46.4936,Adula Alps,Graub./Ticino,CH,1789
Aiguilles des Arias,3402,432,6.1742,44.8956,Massif des Écrins,Isère,FR,1876
Fluchthorn,3399,647,10.2275,46.8908,Silvretta,N-Tyrol/Graub.,AT/CH,1861
Piz Calderas,3397,1085,9.6958,46.5364,Albula Alps,Graubünden,CH,1857
Großer Bärenkopf,3396,302,12.7317,47.1308,Glockner Group,Salzburg,AT,1869
Hohe Geige,3395,458,10.9086,47.0047,Ötztal Alps,North Tyrol,AT,1853
Piz Platta,3392,1108,9.5617,46.4872,Oberhalbstein Range,Graubünden,CH,1866
Brec de Chambeyron,3389,462,6.8533,44.5281,Southern Cottian Alps,AdHP/Cuneo,FR/IT,1878
Diechterhorn,3389,308,8.3606,46.6486,Urner Alps,Bern,CH,1864
Veneziaspitze / Cima Venezia,3386,354,10.6892,46.4539,Ortler Alps,S-Tyrol/Trentino,IT,1867
Pic Nord de la Font Sancte,3385,724,6.8003,44.6050,Southern Cottian Alps,AdHP/H-Alpes,FR,1879
Punta Sulè,3384,311,7.1375,45.2314,Graian Alps - SE,Turin,IT,0
Rognosa d'Etiache / d'Étache,3383,584,6.8339,45.1347,Northern Cottian Alps,Savoy/Turin,FR/IT,1875
Piz Güglia / Piz Julier,3380,489,9.7597,46.4911,Albula Alps,Graubünden,CH,1859
Grand Tournalin,3379,551,7.6881,45.8717,Monte Rosa Alps,Aosta Valley,IT,1863
Güferhorn,3379,400,9.0631,46.5125,Adula Alps,Graubünden,CH,1806
Cima di Castello,3379,388,9.6769,46.3031,Bregaglia Range,Graub./Sondrio,CH/IT,1866
Großer Löffler,3379,368,11.9158,47.0325,Zillertal Alps,N-Tyrol/S-Tyrol,AT/IT,1843
Mont d'Ambin / Rocca d'Ambin,3378,501,6.8844,45.1567,Northern Cottian Alps,Savoy/Turin,FR/IT,1823
Punta di Fontanella,3378,333,7.5558,45.9061,Weisshorn-Matterhorn,Aosta Valley,IT,1864
Cima Viola,3374,1073,10.1964,46.3836,Livigno Alps,Sondrio,IT,1875
Blinnenhorn / Corno Cieco,3374,945,8.3078,46.4258,Leone-Gotthard Alps,Valais/V-C-O,CH/IT,1866
Hoher Eichham,3371,329,12.4067,47.0539,Venediger Group,East Tyrol,AT,1854
Monte Confinale,3370,376,10.5044,46.4494,Ortler Alps,Sondrio,IT,1864
Pizzo Cengalo,3369,620,9.6019,46.2950,Bregaglia Range,Graub./Sondrio,CH/IT,1866
Schwarzenstein,3369,342,11.8742,47.0100,Zillertal Alps,N-Tyrol/S-Tyrol,AT/IT,1852
Hoher Tenn,3368,337,12.7594,47.1797,Glockner Group,Salzburg,AT,1840
Malhamspitze,3368,321,12.2594,47.0492,Venediger Group,East Tyrol,AT,1873
Egginer,3367,378,7.9300,46.0753,Mischabel,Valais,CH,0
Innere Schwarze Schneid,3367,293,10.9214,46.9242,Ötztal Alps,North Tyrol,AT,1874
Piz Fora,3363,432,9.7847,46.3408,Bernina Range,Graub./Sondrio,CH/IT,1875
Hochalmspitze,3360,946,13.3211,47.0150,Ankogel Group,Carinthia,AT,1855
Corno dei Tre Signori,3360,361,10.5156,46.3431,Ortler Alps,Bresc/Sond/Trent,IT,1876
Großer Geiger,3360,293,12.3089,47.0931,Venediger Group,E-Tyrol/Salzburg,AT,1871
Wilde Leck,3359,309,11.0625,47.0028,Stubai Alps,North Tyrol,AT,1865
Schneebiger Nock /Ruthnerhorn,3358,544,12.0842,46.9053,Rieserferner Group,South Tyrol,IT,1866
Grande Roise,3357,321,7.4231,45.6753,Gran Paradiso Alps,Aosta Valley,IT,1875
Rofelewand,3353,528,10.8183,47.0325,Ötztal Alps,North Tyrol,AT,1873
Glockturm,3353,415,10.6656,46.8933,Ötztal Alps,North Tyrol,AT,1853
Puitkogel,3345,392,10.9014,46.9814,Ötztal Alps,North Tyrol,AT,1894
Marmolada (Punta Penia),3343,2134,11.8508,46.4347,Dolomites - NW,Belluno/Trentino,IT,1864
Bric de Rubren / Mongioia,3340,685,6.9497,44.6200,Southern Cottian Alps,AdHP/Cuneo,FR/IT,1823
Piz Ela,3339,515,9.7075,46.6019,Albula Alps,Graubünden,CH,1865
Roteck,3337,483,10.9842,46.7236,Ötztal Alps,South Tyrol,IT,1872
Punta Sommeiller,3332,339,6.8525,45.1283,Northern Cottian Alps,U-Savoy/Turin,FR/IT,1871
Fuscherkarkopf,3331,490,12.7456,47.0989,Glockner Group,Carinth/Salzburg,AT,1845
Corno Baitone,3330,483,10.4411,46.1731,Adamello-Presanella,Brescia,IT,1890
Mont Fort,3329,408,7.3186,46.0811,Grand Combin Alps,Valais,CH,1866
Oberalpstock,3328,703,8.7694,46.7428,Glarus Alps,Graubünden/Uri,CH,1793
Grande Rochère,3326,836,7.0614,45.8136,Grand Combin Alps,Aosta Valley,IT,1832
Busazza,3326,304,10.6111,46.2239,Adamello-Presanella,Trentino,IT,1889
Tête de Lauranoure,3325,385,6.1519,44.9264,Massif des Écrins,Isère,FR,1879
Pizzo Scalino,3323,859,9.9736,46.2786,Bernina Range,Sondrio,IT,1830
Pic de Rochebrune,3320,1019,6.7878,44.8225,Central Cottian Alps,Hautes-Alpes,FR,1819
Corno Bianco,3320,446,7.8789,45.8228,Monte Rosa Alps,Aosta/Vercelli,IT,1831
Testa Grigia/Groabhopt,3315,643,7.7867,45.8308,Monte Rosa Alps,Aosta Valley,IT,1858
Mont Giusalet,3312,835,6.9300,45.1806,Northern Cottian Alps,Savoy,FR,1871
Piz Buin,3312,544,10.1186,46.8442,Silvretta,Vorarlb/Graub.,AT/CH,1865
Mont Pelve,3312,335,6.7767,45.3561,Vanoise massif,Savoy,FR,0
Torre di Lavina,3308,475,7.4486,45.5556,Gran Paradiso Alps,Aosta/Turin,IT,1856
Pointe de l'Aiglière,3307,546,6.4147,44.8103,Massif des Écrins,Hautes-Alpes,FR,0
Laaser Spitze/Orgelspitze,3305,318,10.7178,46.5619,Ortler Alps,South Tyrol,IT,1855
Reichenspitze,3303,683,12.1108,47.1394,Zillertal Alps,N-Tyrol/Salzburg,AT,1856
Piz Paradisin,3302,875,10.1172,46.4261,Livigno Alps,Graub./Sondrio,CH/IT,0
Punta Ramiere / Bric Froid,3302,673,6.9317,44.8642,Central Cottian Alps,H-Alpes/Turin,FR/IT,1877
Becca di Tos,3301,461,7.1067,45.6303,Graian Alps - Central,Aosta Valley,IT,0
Verstanclahorn,3298,375,10.0725,46.8350,Silvretta,Graubünden,CH,1866
Cima Sud Argentera,3297,1306,7.3058,44.1781,Maritime Alps,Cuneo,IT,1879
Monte Sobretta,3296,835,10.4369,46.3975,Ortler Alps,Sondrio,IT,0
Strahlkogel,3295,513,11.0194,47.1092,Stubai Alps,North Tyrol,AT,1833
Gross Schärhorn,3294,513,8.8292,46.8272,Glarus Alps,Uri,CH,1842
Muttler,3293,703,10.3786,46.9006,Samnaun Alps,Graubünden,CH,1859
Grand Glaiza / Punta Merciantaira,3293,496,6.8819,44.8500,Central Cottian Alps,H-Alpes/Turin,FR/IT,1835
Hockenhorn,3293,348,7.7442,46.4283,Bernese Alps,Bern/Valais,CH,1840
Keeskogel,3291,374,12.3119,47.1364,Venediger Group,Salzburg,AT,1840
Schlieferspitze,3290,514,12.2433,47.1225,Venediger Group,Salzburg,AT,1871
M. Aiguillette / L'Asti,3287,472,7.0267,44.6914,Southern Cottian Alps,H-Alpes/Cuneo,FR/IT,0
Petzeck,3283,799,12.8047,46.9481,Schober Group,Carinthia,AT,1844
Punta di Pietra Rossa,3283,662,10.4375,46.3247,Ortler Alps,Brescia,IT,0
Ritzlihorn,3282,330,8.2589,46.6322,Bernese Alps,Bern,CH,1816
Roter Knopf,3281,549,12.7394,46.9786,Schober Group,Carinthia/E-Tyrol,AT,1872
Piz Fliana,3281,406,10.1086,46.8272,Silvretta,Graubünden,CH,1869
Rognosa di Sestriere,3280,575,6.9311,44.9347,Central Cottian Alps,Turin,IT,1836
Pizzo Dosdè,3280,308,10.2258,46.4100,Livigno Alps,Sondrio,IT,1879
Pizzo Tambo / Tambohorn,3279,1164,9.2833,46.4969,Adula Alps,Graub./Sondrio,CH/IT,1828
Hohe Weiße,3279,384,11.0372,46.7456,Ötztal Alps,South Tyrol,IT,1871
Habicht,3277,540,11.2897,47.0436,Stubai Alps,North Tyrol,AT,1836
Gsallkopf,3277,295,10.8050,47.0378,Ötztal Alps,North Tyrol,AT,1894
Basòdino,3272,959,8.4686,46.4114,Ticino Alps,Ticino/V-C-O,CH/IT,1863
Helsenhorn,3272,586,8.1917,46.3047,Leone-Gotthard Alps,Valais,CH,1863
Pointe d'Archeboc,3272,439,6.9803,45.5836,Graian Alps - Central,Savoy/Aosta,FR/IT,0
Östliche Feuerstein,3268,428,11.2444,46.9717,Stubai Alps,N-Tyrol/S-Tyrol,AT/IT,1854
Clariden,3267,413,8.8714,46.8419,Glarus Alps,Glarus/Uri,CH,1863
Piz Üertsch,3267,396,9.8364,46.5964,Albula Alps,Graubünden,CH,1847
Antelao,3264,1735,12.2606,46.4525,Dolomites - NE,Belluno,IT,1863
Scima da Saoseo,3264,440,10.1581,46.3856,Livigno Alps,Graub./Sondrio,CH/IT,1894
Piz Languard,3262,947,9.9564,46.4883,Livigno Alps,Graubünden,CH,1846
Piz Forbesch,3262,601,9.5592,46.5203,Oberhalbstein Range,Graubünden,CH,1893
Dents du Midi: Haute Cime,3257,1796,6.9233,46.1611,Chablais Alps,Valais,CH,1784
Hasenöhrl,3257,375,10.8586,46.5444,Ortler Alps,South Tyrol,IT,1895
Gross Düssi / Piz Git,3256,429,8.8275,46.7917,Glarus Alps,Graubünden/Uri,CH,1841
Hocharn,3254,678,12.9372,47.0761,Goldberg Group,Carinth/Salzburg,AT,1827
Piz Tschütta / Stammerspitz,3254,406,10.3431,46.9036,Samnaun Alps,Graubünden,CH,1884
Sasseneire,3254,386,7.5253,46.1386,Weisshorn-Matterhorn,Valais,CH,1835
Penne Blanche,3254,349,7.4269,45.6189,Gran Paradiso Alps,Aosta Valley,IT,0
Monte Berio Blanc,3252,736,6.8978,45.7531,Mont Blanc massif,Aosta Valley,IT,0
Ankogel,3252,578,13.2492,47.0511,Ankogel Group,Carinth/Salzburg,AT,1762
Cavistrau / Brigelser Hörner,3252,448,8.9739,46.7844,Glarus Alps,Graubünden,CH,1865
Rauhkofel,3251,593,12.0919,47.0761,Zillertal Alps,N-Tyrol/S-Tyrol,AT/IT,1853
Großer Hornkopf,3251,455,12.7789,46.9672,Schober Group,Carinthia,AT,1890
Wildhorn,3248,978,7.3622,46.3558,Bernese Alps,Bern/Valais,CH,1843
Ringelspitz,3247,843,9.3431,46.8983,Glarus Alps,Graub./StGallen,CH,1865
Piz Ot,3246,631,9.8103,46.5433,Albula Alps,Graubünden,CH,1830
Wasenhorn / Punta Terrarossa,3246,476,8.0856,46.2664,Leone-Gotthard Alps,Valais/V-C-O,CH/IT,1844
Punta Painale,3246,413,9.9739,46.2567,Bernina Range,Sondrio,IT,1885
Platthorn,3246,361,7.8611,46.1664,Mischabel,Valais,CH,0
Tofana di Mezzo,3244,1369,12.0656,46.5511,Dolomites - NE,Belluno,IT,1863
Hohe Fürleg,3244,410,12.3628,47.1417,Venediger Group,E-Tyrol/Salzburg,AT,1894
Piz Bacun,3244,306,9.6822,46.3422,Bregaglia Range,Graubünden,CH,1883
Wildstrubel,3243,815,7.5286,46.4003,Bernese Alps,Bern/Valais,CH,1855
Tête de Soulaure / Pic Félix Neff,3243,508,6.4150,44.7625,Massif des Écrins,Hautes-Alpes,FR,0
Hochschober,3242,433,12.6983,46.9425,Schober Group,East Tyrol,AT,1852
Titlis,3238,974,8.4378,46.7719,Urner Alps,Bern/Obwalden,CH,1739
Grand Golliat,3238,313,7.1017,45.8592,Grand Combin Alps,Valais/Aosta,CH/IT,1879
Hoher Seeblaskogel,3235,370,11.0747,47.0956,Stubai Alps,North Tyrol,AT,1881
Pic des Houerts,3235,364,6.7672,44.5878,Southern Cottian Alps,AdHP/H-Alpes,FR,0
Ofenhorn / Punta d'Arbola,3235,334,8.3186,46.3867,Leone-Gotthard Alps,Valais/V-C-O,CH/IT,1864
Becca del Merlo,3234,331,7.4706,45.8439,Weisshorn-Matterhorn,Aosta Valley,IT,0
Großer Muntanitz,3232,717,12.5892,47.0736,Granatspitze Group,East Tyrol,AT,1871
Le Péouvou,3232,488,6.8836,44.6303,Southern Cottian Alps,AdHP/H-Alpes,FR,1888
Corno di Dosdè,3232,302,10.1697,46.4078,Livigno Alps,Sondrio,IT,1866
Hoher Riffler,3231,321,11.7044,47.0811,Zillertal Alps,North Tyrol,AT,1853
Augstenberg/Piz Blaisch Lunga,3230,432,10.2039,46.8644,Silvretta,N-Tyrol/Graub.,AT/CH,1881
Piz Vadret,3229,660,9.9628,46.6869,Albula Alps,Graubünden,CH,1867
Grand Galibier,3228,635,6.4342,45.0639,Massif des Cerces,H-Alpes/Savoy,FR,1877
Tofana di Rozes,3225,664,12.0511,46.5369,Dolomites - NE,Belluno,IT,1864
Hintere Stangenspitze,3225,465,11.9761,47.0572,Zillertal Alps,North Tyrol,AT,1891
Monte Gavia,3223,309,10.4725,46.3542,Ortler Alps,Brescia/Sondrio,IT,1891
Rocca Bernauda /Roche Bernaude,3222,682,6.6275,45.1014,Massif des Cerces,H-Alpes/Turin,FR/IT,1882
Monte Cristallo,3221,1416,12.2006,46.5753,Dolomites - NE,Belluno,IT,1865
Monte Civetta,3220,1454,12.0533,46.3800,Dolomites - SE,Belluno,IT,1860
Tour Sallière,3220,726,6.9247,46.1269,Chablais Alps,Valais,CH,1858
Vorderes Plattenhorn: Ostgipfel,3220,300,10.0331,46.8100,Silvretta,Graubünden,CH,1868
Vogelberg,3218,303,9.0653,46.4783,Adula Alps,Graub./Ticino,CH,1864
Monte del Forno,3214,446,9.7247,46.3383,Bregaglia Range,Graub./Sondrio,CH/IT,1876
Bec de l'Ane,3213,372,6.9839,45.6156,Graian Alps - Central,Savoy,FR,0
Le Métailler,3213,302,7.3603,46.1039,Grand Combin Alps,Valais,CH,0
Piz Medel,3211,952,8.9111,46.6183,Adula Alps,Graub./Ticino,CH,1865
Scherbadung / Pizzo Cervandone,3211,716,8.2231,46.3242,Leone-Gotthard Alps,Valais/V-C-O,CH/IT,1886
Diablerets,3210,968,7.1889,46.3039,Vaud Alps,Valais/Vaud,CH,1850
Gran Vernel,3210,314,11.8322,46.4425,Dolomites - NW,Trentino,IT,1879
Piz Timun /Pizzo d'Emet,3209,823,9.4094,46.4669,Oberhalbstein Range,Graub./Sondrio,CH/IT,1884
Piz Cambrialas,3208,364,8.8519,46.7894,Glarus Alps,Graubünden,CH,1905
Pic du Thabor,3207,711,6.5622,45.1186,Massif des Cerces,Savoy,FR,1878
Hocheiser,3206,567,12.6733,47.1564,Glockner Group,Salzburg,AT,1871
Glödis,3206,376,12.7261,46.9611,Schober Group,East Tyrol,AT,1871
Pointe Haute de Mary,3206,326,6.8947,44.5756,Southern Cottian Alps,A-d-H-Provence,FR,1879
Punta Sorapiss,3205,1085,12.2117,46.5069,Dolomites - NE,Belluno,IT,1864
Piz Sesvenna,3204,1055,10.4028,46.7058,Sesvenna Range,Graubünden,CH,0
Kitzsteinhorn,3203,436,12.6878,47.1881,Glockner Group,Salzburg,AT,1828
Schwarzhorn,3201,308,7.7567,46.2167,Weisshorn-Matterhorn,Valais,CH,0
Mastaunspitze,3200,455,10.8025,46.6936,Ötztal Alps,South Tyrol,IT,1854
Piz Vadret,3199,308,9.9508,46.5089,Livigno Alps,Graubünden,CH,0
Gross Spannort,3198,616,8.5244,46.7867,Urner Alps,Uri,CH,1867
Dreiländerspitze,3197,306,10.1447,46.8508,Silvretta,N-Tyr/Vor/Graub.,AT/CH,1853
Pointes de Pierre Brune,3196,354,6.8569,45.3781,Vanoise massif,Savoy,FR,0
Mont Tondu,3196,301,6.7556,45.7639,Mont Blanc massif,Savoy,FR,0
Bortelhorn/ Punta del Rebbio,3193,430,8.1253,46.2947,Leone-Gotthard Alps,Valais/V-C-O,CH/IT,1869
Rocca Blancia,3193,328,6.8647,44.4992,Southern Cottian Alps,AdHP/Cuneo,FR/IT,0
Cima Vezzana,3192,1273,11.8303,46.2897,Dolomites - S,Belluno/Trentino,IT,1872
Pizzo Rotondo,3192,752,8.4661,46.5175,Leone-Gotthard Alps,Ticino/Valais,CH,1869
Hübschhorn I,3192,325,8.0553,46.2369,Leone-Gotthard Alps,Valais,CH,0
Scopi,3190,792,8.8300,46.5717,Adula Alps,Graub./Ticino,CH,1782
Löffelspitze,3190,303,12.1644,47.0175,Venediger Group,East Tyrol,AT,1877
Spechhorn / Pizzo d'Antigine,3189,355,8.0011,46.0122,Weissmies Alps,Valais/V-C-O,CH/IT,0
Gleirscher Fernerkogel,3189,321,11.0636,47.1142,Stubai Alps,North Tyrol,AT,1883
Piz Surlej,3188,433,9.8431,46.4533,Bernina Range,Graubünden,CH,1846
Gross Windgällen,3187,552,8.7322,46.8072,Glarus Alps,Uri,CH,1848
Mont Glacier,3186,355,7.5397,45.6314,Gran Paradiso Alps,Aosta Valley,IT,0
Becca di Tey,3186,301,7.0947,45.5861,Graian Alps - Central,Aosta Valley,IT,0
Langkofel / Saslonch,3181,1124,11.7353,46.5250,Dolomites - NW,South Tyrol,IT,1869
Piz Murtaröl,3180,679,10.2875,46.5703,Ortler Alps,Graub./Sondrio,CH/IT,1893
Piz Tasna,3179,371,10.2522,46.8592,Silvretta,Graubünden,CH,1849
Piz Pisoc,3173,922,10.2794,46.7444,Sesvenna Range,Graubünden,CH,1865
Corn da Tinizong /Tinzenhorn,3173,474,9.6711,46.6117,Albula Alps,Graubünden,CH,1866
Pte de Paumont / Cima del Vallone,3171,378,6.7283,45.1394,Northern Cottian Alps,Savoy/Turin,FR/IT,0
Fensterlekofel,3171,373,12.0431,46.8922,Rieserferner Group,South Tyrol,IT,1877
Pic du Clapier du Peyron,3169,556,6.0769,44.9372,Massif des Écrins,Isère,FR,1886
Hoher Riffler,3168,1341,10.3708,47.1161,Verwall,North Tyrol,AT,1864
Monte Pelmo,3168,1191,12.1350,46.4194,Dolomites - SE,Belluno,IT,1857
Piz Tavrü,3168,851,10.2961,46.6792,Sesvenna Range,Graubünden,CH,1893
Piz Vial,3168,465,8.9692,46.6319,Adula Alps,Graubünden,CH,1873
Piz Plavna Dadaint,3167,490,10.2236,46.7086,Sesvenna Range,Graubünden,CH,1891
Piz Albris,3166,318,9.9633,46.4642,Livigno Alps,Ticino/Sondrio,CH/IT,0
Piz Lagrev,3165,855,9.7228,46.4458,Albula Alps,Graubünden,CH,1875
Piz Quattervals,3165,471,10.0950,46.6272,Livigno Alps,Graubünden,CH,1848
Tête de Sautron /Monte Sautron,3165,300,6.8775,44.4867,Southern Cottian Alps,AdHP/Cuneo,FR/IT,1877
Rosa dei Banchi,3164,314,7.5325,45.5772,Gran Paradiso Alps,Aosta/Turin,IT,0
Vieux Chaillol,3163,678,6.1906,44.7361,Massif des Écrins,Hautes-Alpes,FR,0
Pizzo Stella,3163,597,9.4214,46.3817,Oberhalbstein Range,Sondrio,IT,1859
Signal du Petit Mont Cenis,3162,979,6.8731,45.2442,Northern Cottian Alps,Savoy,FR,0
Piz Mitgel,3159,445,9.6467,46.6142,Albula Alps,Graubünden,CH,1867
Hausstock,3158,655,9.0656,46.8744,Glarus Alps,Glarus/Graub.,CH,1832
Monte Vallecetta,3156,493,10.4003,46.4119,Ortler Alps,Sondrio,IT,1867
Tête de Vautisse,3156,434,6.4858,44.7014,Massif des Écrins,Hautes-Alpes,FR,1887
Pic Ouest de Combeynot,3155,815,6.4111,45.0122,Massif des Écrins,Hautes-Alpes,FR,0
Piz Prüna,3153,317,9.9872,46.4872,Livigno Alps,Graubünden,CH,0
Piz Boè,3152,939,11.8281,46.5089,Dolomites - NW,Bell/S-Tyr/Tren,IT,1864
Piz Popena,3152,344,12.2075,46.5764,Dolomites - NE,Belluno,IT,1870
Cima Brenta,3151,1499,10.8997,46.1794,Brenta Dolomites,Trentino,IT,1871
Piz Terri,3149,390,9.0342,46.6000,Adula Alps,Graub./Ticino,CH,1802
Becs de Bosson,3149,362,7.5181,46.1678,Weisshorn-Matterhorn,Valais,CH,0
Kuchenspitze,3148,575,10.2300,47.0486,Verwall,North Tyrol,AT,1884
Zillerplattenspitze,3148,300,12.1297,47.1042,Zillertal Alps,N-Tyrol/Salzburg,AT,1877
Pfroslkopf,3148,298,10.6892,46.9778,Ötztal Alps,North Tyrol,AT,1887
Croda Rossa / Hohe Gaisl,3146,1133,12.1436,46.6347,Dolomites - NE,Belluno/S-Tyrol,IT,1870
Flüela Schwarzhorn,3146,609,9.9417,46.7358,Albula Alps,Graubünden,CH,1835
Monte Rafray,3146,343,7.5108,45.6478,Gran Paradiso Alps,Aosta Valley,IT,0
Piz Mundin,3146,342,10.4308,46.9253,Samnaun Alps,Graubünden,CH,1849
Dreischusterspitze,3145,1393,12.3172,46.6689,Sexten Dolomites,South Tyrol,IT,1869
Napfspitze (Dreiecketer),3144,587,12.0397,47.0600,Zillertal Alps,N-Tyrol/S-Tyrol,AT/IT,1880
Piz Tea Fondada/Monte Cornaccia,3144,319,10.3081,46.5494,Ortler Alps,Graub./Sondrio,CH/IT,1883
Cime du Gélas / Monte Gelàs,3143,669,7.3847,44.1231,Maritime Alps,A-Marit/Cuneo,FR/IT,1864
Jochköpfl,3143,297,11.1078,46.9275,Stubai Alps,North Tyrol,AT,0
Monte Cassa del Ferro,3140,849,10.2017,46.5786,Livigno Alps,Sondrio,IT,1883
Cima Tosa,3140,587,10.8706,46.1553,Brenta Dolomites,Trentino,IT,1865
Cime Redasco,3139,377,10.3078,46.3694,Livigno Alps,Sondrio,IT,1896
Gross Ruchen,3138,397,8.7747,46.8103,Glarus Alps,Uri,CH,1864
Durreck,3135,618,12.0289,46.9611,Venediger Group,South Tyrol,IT,1877
Wilde Kreuzspitze,3135,567,11.5933,46.9125,Zillertal Alps,South Tyrol,IT,1852
Großer Friedrichskopf,3134,370,12.8286,46.9578,Schober Group,Carinthia,AT,1872
Hinter Schloss,3133,506,8.5269,46.8025,Urner Alps,Uri,CH,1863
Pizzo Filone,3133,332,10.1633,46.4575,Livigno Alps,Sondrio,IT,0
Oldenhorn,3132,295,7.2217,46.3292,Vaud Alps,Bern/Val./Vaud,CH,1835
Mont Chaberton,3131,1281,6.7517,44.9647,Massif des Cerces,Hautes-Alpes,FR,1822
Piz Duan,3131,482,9.5833,46.3753,Oberhalbstein Range,Graubünden,CH,1859
Pointe Léchaud,3128,525,6.8142,45.7336,Mont Blanc massif,Savoy/Aosta,FR/IT,0
Grohmannspitze,3126,445,11.7336,46.5106,Dolomites - NW,S-Tyrol/Trentino,IT,1880
Piz Schumbraida,3125,315,10.3383,46.5428,Ortler Alps,Graub./Sondrio,CH/IT,1883
Fanellhorn,3124,301,9.1306,46.5478,Adula Alps,Graubünden,CH,1859
Piz Nuna,3123,535,10.1544,46.7233,Sesvenna Range,Graubünden,CH,1886
Schareck,3123,427,13.0175,47.0414,Goldberg Group,Carinth/Salzburg,AT,1832
Groß Seehorn,3122,434,10.0325,46.8878,Silvretta,Vorarlb/Graub.,AT/CH,1869
Piz Aul,3121,395,9.1250,46.6228,Adula Alps,Graubünden,CH,1801
Piz da l'Acqua,3118,310,10.1389,46.6111,Livigno Alps,Graub./Sondrio,CH/IT,1888
Grand Pinier,3117,335,6.4017,44.7236,Massif des Écrins,Hautes-Alpes,FR,0
Schermerspitze,3116,308,11.0844,46.8878,Ötztal Alps,North Tyrol,AT,0
Grand Queyras,3114,308,6.9519,44.7156,Southern Cottian Alps,Hautes-Alpes,FR,0
Luibiskogel,3110,473,10.9042,47.0497,Ötztal Alps,North Tyrol,AT,1894
Monte Servin,3108,333,7.1997,45.2647,Graian Alps - SE,Turin,IT,0
Krönten,3108,330,8.5694,46.7822,Urner Alps,Uri,CH,1868
Gletscherhorn,3107,413,9.5606,46.3875,Oberhalbstein Range,Graubünden,CH,1849
Pizz Gallagiun/Galleggione,3107,413,9.4878,46.3669,Oberhalbstein Range,Graub./Sondrio,CH/IT,1861
Ochsner,3107,300,11.8156,47.0439,Zillertal Alps,North Tyrol,AT,0
Tête de Moïse,3104,562,6.9350,44.4406,Southern Cottian Alps,AdHP/Cuneo,FR/IT,1883
Piz la Stretta / Monte Breva,3104,314,10.0447,46.4767,Livigno Alps,Graub./Sondrio,CH,0
Große Ohrenspitze,3101,369,12.1775,46.9069,Rieserferner Group,E-Tyrol/S-Tyrol,AT/IT,1878
Piz Segnas,3099,607,9.2397,46.9078,Glarus Alps,Glarus/Graub.,CH,1861
Monte Ouille,3099,362,6.8664,45.7317,Mont Blanc massif,Aosta Valley,IT,0
Lasörling,3098,490,12.3553,46.9758,Venediger Group,East Tyrol,AT,1854
Pointe des Cerces,3098,485,6.4883,45.0656,Massif des Cerces,H-Alpes/Savoy,FR,1891
Pic des Souffles,3098,419,6.1333,44.8650,Massif des Écrins,Isère/H-Alpes,FR,1890
Monte Matto,3097,577,7.2564,44.2250,Maritime Alps,Cuneo,IT,1879
Pflerscher Tribulaun,3097,498,11.3392,46.9853,Stubai Alps,N-Tyrol/S-Tyrol,AT/IT,1874
Blockkogel,3097,295,10.8806,47.0853,Ötztal Alps,North Tyrol,AT,0
Piz Giuv / Schattig Wichel,3096,749,8.6925,46.7019,Glarus Alps,Graubünden/Uri,CH,1804
Mont Buet,3096,612,6.8528,46.0247,Chablais Alps,Upper Savoy,FR,1770
Zwölferkofel / Croda dei Toni,3094,713,12.3597,46.6192,Sexten Dolomites,Belluno/S-Tyrol,IT,1874
Elferkofel /Cima Undici,3092,661,12.3783,46.6364,Sexten Dolomites,Belluno/S-Tyrol,IT,1878
Racherin,3092,429,12.7944,47.0811,Glockner Group,Carinthia,AT,1848
Mont Fallère,3090,607,7.1942,45.7756,Grand Combin Alps,Aosta Valley,IT,0
Tête de la Courbe,3089,565,6.8233,44.4978,Southern Cottian Alps,A-d-H-Provence,FR,0
Vesulspitze,3089,550,10.3492,47.0017,Samnaun Alps,North Tyrol,AT,1866
Monte Forcellina,3087,473,10.1986,46.4664,Livigno Alps,Sondrio,IT,0
Hohe Villerspitze,3087,293,11.1656,47.1067,Stubai Alps,North Tyrol,AT,1878
Flüela Wisshorn,3085,632,9.9667,46.7622,Silvretta,Graubünden,CH,1880
Cima da Lägh /Cima di Lago,3083,422,9.4611,46.3764,Oberhalbstein Range,Graub./Sondrio,CH/IT,0
Zwieselbacher Rosskogel,3081,330,11.0481,47.1633,Stubai Alps,North Tyrol,AT,1881
Fundusfeiler,3079,295,10.8703,47.1122,Ötztal Alps,North Tyrol,AT,0
Chüealphorn,3078,472,9.9053,46.6853,Albula Alps,Graubünden,CH,1877
Monte Nery/Becca Frudiera,3076,906,7.8200,45.7158,Monte Rosa Alps,Aosta Valley,IT,1873
Großer Hafner,3076,824,13.4008,47.0700,Ankogel Group,Carinth/Salzburg,AT,1825
Pic de Parières,3076,469,6.2408,44.7794,Massif des Écrins,Hautes-Alpes,FR,0
Piz Starlex,3075,779,10.3925,46.6628,Sesvenna Range,Graub./S-Tyrol,CH/IT,0
Piz Sena,3075,344,10.1100,46.3531,Livigno Alps,Graub./Sondrio,CH/IT,1901
Bristen,3073,567,8.6811,46.7369,Glarus Alps,Uri,CH,1823
Wildkarspitze,3073,384,12.1392,47.1725,Zillertal Alps,Salzburg,AT,1892
Pizzo Campo Tencia,3072,754,8.7261,46.4297,Ticino Alps,Ticino,CH,1867
Chüebodenhorn,3070,316,8.4531,46.5081,Leone-Gotthard Alps,Ticino/Valais,CH,0
Tête de la Cassille,3069,299,6.4994,45.0439,Massif des Cerces,Hautes-Alpes,FR,0
La Meyna,3067,375,6.8586,44.4811,Southern Cottian Alps,A-d-H-Provence,FR,0
Geltenhorn,3065,312,7.3344,46.3464,Bernese Alps,Bern/Valais,CH,0
Cunturines/Conturines,3064,913,11.9778,46.5758,Dolomites - NE,South Tyrol,IT,1881
Hoher Prijakt,3064,473,12.7128,46.9156,Schober Group,East Tyrol,AT,1890
Pointe des Rochers Charniers,3063,389,6.7356,44.9878,Massif des Cerces,Hautes-Alpes,FR,0
Hoch Ducan,3063,324,9.8514,46.6894,Albula Alps,Graubünden,CH,1845
Pizzo Gallina,3061,378,8.3919,46.4947,Leone-Gotthard Alps,Ticino/Valais,CH,0
Seeköpfe,3061,330,10.2675,47.0444,Verwall,North Tyrol,AT,1886
Piz Grisch,3060,544,9.4728,46.5311,Oberhalbstein Range,Graubünden,CH,1861
Grand Queyron,3060,295,7.0017,44.8428,Central Cottian Alps,H-Alpes/Turin,FR/IT,0
Grabspitze,3059,415,11.6144,46.9386,Zillertal Alps,South Tyrol,IT,1852
Monte Vago,3059,388,10.0789,46.4408,Livigno Alps,Sondrio,IT,0
Sasso Vernale,3058,356,11.8406,46.4189,Dolomites - NW,Belluno/Trentino,IT,0
Bruschghorn,3056,577,9.3067,46.6311,Adula Alps,Graubünden,CH,0
Patteriol,3056,465,10.1875,47.0442,Verwall,North Tyrol,AT,1860
Aiguille des Corneillets,3055,325,6.6614,45.3225,Vanoise massif,Savoy,FR,0
Innere Wetterspitze,3053,293,11.2464,46.9964,Stubai Alps,North Tyrol,AT,1874
Piz Forun,3052,458,9.8650,46.6553,Albula Alps,Graubünden,CH,1847
Grand Muveran,3051,1013,7.1261,46.2372,Vaud Alps,Valais/Vaud,CH,0
Mont Pelat,3051,770,6.7058,44.2650,Maritime Alps,A-d-H-Provence,FR,0
Pizzo Coca,3050,1878,10.0114,46.0717,Bergamo Alps,Bergamo/Sondrio,IT,1877
Piz Minor,3049,584,10.0283,46.4511,Livigno Alps,Graubünden,CH,0
Gross Lohner,3049,560,7.6000,46.4619,Bernese Alps,Bern,CH,1875
Le Rochail (Pointe de Malhaubert),3049,558,6.0325,44.9753,Massif des Écrins,Isère,FR,0
Rosenspitze,3049,418,12.2544,46.9883,Venediger Group,East Tyrol,AT,1894
Aiguille du Fruit,3048,519,6.6314,45.3556,Vanoise massif,Savoy,FR,0
Grand Bérard,3046,938,6.6597,44.4494,Southern Cottian Alps,A-d-H-Provence,FR,1820
Grand Argentier / Punta Nera,3046,505,6.6586,45.1222,Northern Cottian Alps,Savoy/Turin,FR/IT,0
Piz Murtera,3044,449,10.0403,46.7753,Silvretta,Graubünden,CH,0
Gross Wendenstock,3042,346,8.3803,46.7617,Urner Alps,Bern,CH,1873
Monte Albergian,3041,428,6.9928,45.0075,Central Cottian Alps,Turin,IT,1822
Piz Gannaretsch,3040,934,8.7867,46.6119,Leone-Gotthard Alps,Graubünden,CH,0
Alperschällihorn,3039,425,9.3067,46.5867,Adula Alps,Graub./Ticino,CH,1893
Punta Scais,3039,393,9.9844,46.0686,Bergamo Alps,Bergamo/Sondrio,IT,1881
Bric Ghinivert,3037,347,6.9911,44.9514,Central Cottian Alps,Turin,IT,0
Parseierspitze,3036,1243,10.4783,47.1744,Lechtal Alps,North Tyrol,AT,1869
Hexenkopf,3035,371,10.4694,47.0211,Samnaun Alps,North Tyrol,AT,1853
Piz Umbrail,3033,294,10.4144,46.5508,Ortler Alps,Graub./Sondrio,CH/IT,1865
Tête de Siguret,3032,706,6.7883,44.4417,Maritime Alps,A-d-H-Provence,FR,0
Pizzo Ligoncio,3032,506,9.5478,46.2389,Bregaglia Range,Sondrio,IT,0
Becca di Vlou,3032,483,7.7922,45.6917,Monte Rosa Alps,Aosta Valley,IT,0
Piz S-chalembert,3031,722,10.4133,46.8008,Sesvenna Range,Graubünden,CH,0
Mont Ténibre / M. Tenibres,3031,525,6.9722,44.2839,Maritime Alps,A-Marit/Cuneo,FR/IT,1836
Piz Cotschen,3031,296,10.1769,46.8131,Silvretta,Graubünden,CH,0
Bric Rosso / Monte Politri,3030,317,7.0186,44.9911,Central Cottian Alps,Turin,IT,0
Piz Por,3028,733,9.3842,46.5094,Oberhalbstein Range,Graubünden,CH,1894
Bündner Vorab,3028,408,9.1567,46.8739,Glarus Alps,Glarus/Graub.,CH,1842
Corno di Ban,3028,311,8.3611,46.4178,Leone-Gotthard Alps,V-C-O,IT,0
Zehner/Sas dales Diesc,3026,493,11.9606,46.6222,Dolomites - NE,South Tyrol,IT,1887
Furchetta / Furcheta,3025,904,11.7733,46.6122,Dolomites - NW,South Tyrol,IT,1878
Sas Rigais,3025,904,11.7667,46.6092,Dolomites - NW,South Tyrol,IT,1878
Piz Corbet,3025,672,9.2803,46.3797,Adula Alps,Graub./Sondrio,CH/IT,1892
Corno Bussola/Mont de Boussolaz,3024,356,7.7361,45.7956,Monte Rosa Alps,Aosta Valley,IT,0
Wendenhorn,3023,311,8.4436,46.7539,Urner Alps,Bern/Uri,CH,1884
Wurmaulspitze,3022,414,11.6378,46.9139,Zillertal Alps,South Tyrol,IT,0
Pointe de la Vallaisonnay,3020,400,6.8178,45.4581,Vanoise massif,Savoy,FR,0
Pic du Mas de la Grave,3020,364,6.2461,45.1208,Dauphiné Alps,H-Alpes/Savoy,FR,0
Le Cimet,3020,342,6.7050,44.2900,Maritime Alps,A-d-H-Provence,FR,0
Viso Mozzo,3019,361,7.1100,44.6747,Southern Cottian Alps,Cuneo,IT,0
Piz Blas,3019,312,8.7281,46.5772,Leone-Gotthard Alps,Graub./Ticino,CH,1871
Gamspleisspitze,3015,328,10.2419,46.9317,Silvretta,N-Tyrol/Graub.,AT/CH,1853
Hochreichkopf,3010,367,10.9697,47.1703,Stubai Alps,North Tyrol,AT,1890
Cima dell'Uomo,3010,327,11.8083,46.4061,Dolomites - NW,Trentino,IT,0
Monte Giove,3009,516,8.3881,46.3614,Leone-Gotthard Alps,V-C-O,IT,0
Acherkogel,3008,365,10.9567,47.1892,Stubai Alps,North Tyrol,AT,1881
Älplihorn,3006,426,9.8258,46.7108,Albula Alps,Graubünden,CH,0
Monte Avic,3006,392,7.5547,45.6769,Gran Paradiso Alps,Aosta Valley,IT,0
Ritterkopf,3006,349,12.9494,47.1025,Goldberg Group,Salzburg,AT,1885
Furgler,3004,319,10.5122,47.0403,Samnaun Alps,North Tyrol,AT,0
Kesselkogel / Catinaccio d'Antermoia,3002,814,11.6436,46.4744,Dolomites - NW,S-Tyrol/Trentino,IT,1872
Pizzas d'Anarosa / Grauhörner,3002,366,9.3158,46.5989,Adula Alps,Graub./Ticino,CH,1894
Gigalitz,3001,300,11.8911,47.0578,Zillertal Alps,North Tyrol,AT,1884
Große Zinne/Cima Grande di Lavaredo,2999,545,12.3028,46.6189,Sexten Dolomites,Belluno/S-Tyrol,IT,1869
Pizzo Centrale,2999,451,8.6150,46.5781,Leone-Gotthard Alps,Ticino/Uri,CH,0
Cima Falkner,2999,343,10.9047,46.1933,Brenta Dolomites,Trentino,IT,1882
Piz Beverin,2998,396,9.3578,46.6525,Adula Alps,Graubünden,CH,1707
Pic d'Artsinol,2998,296,7.4269,46.1150,Grand Combin Alps,Valais,CH,0
Bric Bouchet /Bric Bucie,2997,338,7.0239,44.8219,Central Cottian Alps,H-Alpes/Turin,FR/IT,1876
Hoher Dachstein,2995,2136,13.6056,47.4753,Dachstein Mountains,Styria/U-Austria,AT,1832
Roignais,2995,1028,6.6889,45.6431,Beaufortain Massif,Savoy,FR,0
Rote Säule,2994,304,12.4439,47.1467,Venediger Group,E-Tyrol/Salzburg,AT,1865
Le Mourre Froid,2993,411,6.4003,44.6383,Massif des Écrins,Hautes-Alpes,FR,0
Grand Parpaillon,2990,335,6.6519,44.4939,Southern Cottian Alps,A-d-H-Provence,FR,0
Mittler Fanis / Fanis di Mezzo,2989,658,12.0142,46.5514,Dolomites - NE,Belluno/S-Tyrol,IT,1898
Felber Tauernkogel,2988,377,12.4839,47.1578,Venediger Group,E-Tyrol/Salzburg,AT,1854
Piz de la Lumbreida,2983,564,9.2253,46.4811,Adula Alps,Graubünden,CH,0
Cima Bagni,2983,455,12.4103,46.6153,Sexten Dolomites,Belluno,IT,0
Pala di San Martino,2982,410,11.8508,46.2536,Dolomites - S,Trentino,IT,1878
Rosengartenspitze/Cima Catinaccio,2981,425,11.6208,46.4547,Dolomites - NW,S-Tyrol/Trentino,IT,1874
Aroser Rothorn,2980,1349,9.6139,46.7378,Plessur Alps,Graubünden,CH,0
Ròthòre / Corno Rosso,2979,499,7.8803,45.7669,Monte Rosa Alps,Aosta/Vercelli,IT,0
La Tsavre,2978,305,7.1294,45.9156,Grand Combin Alps,Valais,CH,0
Grand Pic de Belledonne,2977,1053,5.9917,45.1708,Belledonne,Isère,FR,1859
Pic de Colle Blanche,2975,335,6.1725,44.7533,Massif des Écrins,Hautes-Alpes,FR,0
Monte Redival,2973,356,10.6142,46.3086,Ortler Alps,Trentino,IT,1878
Cima Ovest/Westliche Zinne,2973,306,12.2972,46.6186,Sexten Dolomites,Belluno/S-Tyrol,IT,1879
Piz Curvér,2972,456,9.4972,46.6033,Oberhalbstein Range,Graubünden,CH,1843
Wildgrat,2971,461,10.8267,47.1406,Ötztal Alps,North Tyrol,AT,0
Tsaat a l'Etsena/Chateleysine,2971,326,7.4000,45.8014,Weisshorn-Matterhorn,Aosta Valley,IT,0
Schilthorn,2970,358,7.8347,46.5575,Bernese Prealps,Bern,CH,0
Haut de Cry,2969,525,7.1950,46.2403,Vaud Alps,Valais,CH,0
Grieshorn,2969,509,8.3931,46.4514,Leone-Gotthard Alps,Ticino/V-C-O,CH/IT,0
Dent de Morcles,2969,465,7.0756,46.1992,Vaud Alps,Valais,CH,1787
Piz Daint,2968,734,10.2908,46.6186,Ortler Alps,Graubünden,CH,0
Neuner / Sas dles Nü,2968,301,11.9811,46.6303,Dolomites - NE,South Tyrol,IT,0
Cima del Duca,2968,293,9.7961,46.2878,Bregaglia Range,Sondrio,IT,0
Serottini,2967,425,10.3478,46.2908,Ortler Alps,Brescia/Sondrio,IT,0
Schober,2967,380,13.4683,47.0344,Ankogel Group,Carinthia,AT,0
Haunold,2966,677,12.2775,46.6886,Sexten Dolomites,South Tyrol,IT,1878
Schesaplana,2965,828,9.7075,47.0536,Rätikon,Vorarlb/Graub.,AT/CH,1610
Aiguille du Belvédère,2965,505,6.8736,45.9878,Chablais Alps,Upper Savoy,FR,0
Reißeck,2965,300,13.3644,46.9472,Ankogel Group,Carinthia,AT,0
Monte Tagliaferro,2964,640,7.9708,45.8725,Monte Rosa Alps,Vercelli,IT,0
Piz Turettas,2963,400,10.3347,46.5869,Ortler Alps,Graubünden,CH,0
Pizzo Lucendro,2963,350,8.5194,46.5389,Leone-Gotthard Alps,Ticino/Uri,CH,1871
Zugspitze,2962,1746,10.9853,47.4211,Wetterstein,N-Tyrol/Bavaria,AT/DE,1820
Weiße Spitze,2962,910,12.3578,46.8719,Villgraten Mountains,East Tyrol,AT,1894
Rienzenstock,2962,479,8.6350,46.6831,Glarus Alps,Uri,CH,0
Marchhorn/Pta del Termine,2962,327,8.4625,46.4486,Ticino Alps,Ticino/V-C-O,CH/IT,0
Tête de l'Estrop,2961,712,6.5058,44.2867,Provence Alps,A-d-H-Provence,FR,0
Cima Brenta Alta,2961,341,10.8964,46.1603,Brenta Dolomites,Trentino,IT,1880
Piz Lagalb,2959,524,10.0236,46.4317,Livigno Alps,Graubünden,CH,0
Cima Giner,2957,340,10.7325,46.2372,Adamello-Presanella,Trentino,IT,0
Piz Miez,2956,445,8.9167,46.6547,Adula Alps,Graubünden,CH,0
Tête de L'Enchastraye/Enciastraia,2954,310,6.8883,44.3675,Maritime Alps,AdHP/Cuneo,FR/IT,0
Torent / Torrone Alto,2952,835,9.0711,46.3436,Adula Alps,Graub./Ticino,CH,1882
Brunnistock,2952,661,8.5500,46.8478,Urner Alps,Uri,CH,0
Crasta Mora,2952,486,9.8681,46.5714,Albula Alps,Graubünden,CH,0
Bättlihorn,2951,388,8.0939,46.3325,Leone-Gotthard Alps,Valais,CH,0
Corni di Nefelgiú,2951,368,8.3794,46.3956,Leone-Gotthard Alps,V-C-O,IT,0
Hochgrabe,2951,296,12.4217,46.8489,Villgraten Mountains,East Tyrol,AT,0
Crête de Lacha,2950,425,6.4594,45.0972,Massif des Cerces,Savoy,FR,0
Asta Soprana,2950,424,7.3133,44.2033,Maritime Alps,Cuneo,IT,0
Piz Tomül / Wissensteinhorn,2946,534,9.2283,46.6233,Adula Alps,Graubünden,CH,1807
Piz Cavel,2946,518,9.0197,46.6558,Adula Alps,Graubünden,CH,0
Einshorn,2944,571,9.2303,46.5161,Adula Alps,Graubünden,CH,0
Gölbner,2943,382,12.5050,46.8242,Villgraten Mountains,East Tyrol,AT,0
Hochkönig,2941,2181,13.0625,47.4203,Berchtesgaden Alps,Salzburg,AT,1826
Cime de la Condamine,2940,515,6.5197,44.8925,Massif des Écrins,Hautes-Alpes,FR,0
Gross Schinhorn/Punta di Valdeserta,2939,465,8.2608,46.3611,Leone-Gotthard Alps,Valais/V-C-O,CH/IT,0
Pointe de la Louïe Blanche,2939,372,6.9147,45.6611,Graian Alps - Central,Savoy/Aosta,FR/IT,0
Pizzo del Ramulazz S,2939,324,9.0928,46.3967,Adula Alps,Graub./Ticino,CH,0
Monte Unghiasse,2939,298,7.2950,45.4161,Graian Alps - SE,Turin,IT,0
Pic de Chabrières,2938,435,6.6236,44.5706,Southern Cottian Alps,A-d-H-Provence,FR,0
Mont Malinvern,2938,403,7.1894,44.1989,Maritime Alps,A-Marit/Cuneo,FR/IT,1878
Cime di Plator,2937,654,10.2706,46.5150,Livigno Alps,Sondrio,IT,0
Pietra Grande,2937,496,10.8958,46.2314,Brenta Dolomites,Trentino,IT,1883
Monte Gruf,2936,446,9.5058,46.2861,Bregaglia Range,Sondrio,IT,0
Mont du Grand Capelet,2935,298,7.4275,44.0783,Maritime Alps,Alpes Maritimes,FR,0
Cimon del Froppa,2932,677,12.3406,46.5072,Dolomites - NE,Belluno,IT,1872
Monte Pettini,2932,640,10.2275,46.5361,Livigno Alps,Sondrio,IT,0
Bärenhorn,2929,449,9.2319,46.5756,Adula Alps,Graubünden,CH,0
Tête du Pelvas/Monte Palavas,2929,400,6.9997,44.7900,Central Cottian Alps,H-Alpes/Turin,FR/IT,0
Rosställispitz,2929,368,9.9936,46.7892,Silvretta,Graubünden,CH,0
Schwarzhorn,2928,966,8.0756,46.6861,Bernese Prealps,Bern,CH,0
Rocher Blanc,2928,939,6.1072,45.2417,Belledonne,Isère,FR,0
Badus / Six Madun,2928,529,8.6636,46.6225,Leone-Gotthard Alps,Graubünden/Uri,CH,1785
Tête des Lauzières,2928,339,6.5283,44.8742,Massif des Écrins,Hautes-Alpes,FR,0
Vollandspitze,2928,295,10.1767,47.0186,Verwall,North Tyrol,AT,1886
Eggishorn,2927,563,8.0942,46.4314,Bernese Alps,Valais,CH,0
Cima Bastioni Sud,2926,554,12.2678,46.4853,Dolomites - NE,Belluno,IT,1890
Pizzo del Diavolo della Malgina,2926,330,10.0467,46.0847,Bergamo Alps,Bergamo/Sondrio,IT,0
Edlenkopf,2923,441,12.9264,47.1364,Goldberg Group,Salzburg,AT,0
Mährenhorn,2923,355,8.3108,46.6917,Urner Alps,Bern,CH,0
Birkenkofel,2922,385,12.2567,46.6808,Sexten Dolomites,South Tyrol,IT,1880
Monte Ruvi,2922,333,7.5644,45.6892,Gran Paradiso Alps,Aosta Valley,IT,0
Hochgasser,2922,311,12.5219,47.1506,Granatspitze Group,E-Tyrol/Salzburg,AT,0
Aiguille du Grand Fond,2920,298,6.6708,45.6664,Beaufortain Massif,Savoy,FR,0
Monte Ciorneva,2918,483,7.2603,45.2683,Graian Alps - SE,Turin,IT,0
Mulleter Seichenkopf,2918,389,12.8314,46.9153,Schober Group,Carinthia/E-Tyrol,AT,1890
Corno di Flavona,2918,305,10.8969,46.2456,Brenta Dolomites,Trentino,IT,1881
Cima Bel Pra,2917,431,12.2411,46.4844,Dolomites - NE,Belluno,IT,1880
Dent Favre,2917,315,7.1039,46.2103,Vaud Alps,Valais/Vaud,CH,0
Pizzo del Diavolo di Tenda,2916,506,9.9081,46.0453,Bergamo Alps,Bergamo/Sondrio,IT,1870
Pointe Côte de l'Ane,2916,472,6.8047,44.2444,Maritime Alps,Alpes Maritimes,FR,0
Maresenspitz,2916,324,13.2303,47.0042,Ankogel Group,Carinthia,AT,0
L'Aupillon,2916,303,6.5786,44.4489,Southern Cottian Alps,A-d-H-Provence,FR,0
Glärnisch (Bächistock),2914,966,8.9953,46.9950,Glarus Alps,Glarus,CH,0
Pflunspitze,2912,977,10.1328,47.0794,Verwall,N-Tyrol/Vorarlb.,AT,1886
Cristallina,2912,344,8.5369,46.4647,Ticino Alps,Ticino,CH,0
Beco Alto del Piz,2912,312,6.9808,44.2989,Maritime Alps,Cuneo,IT,0
Monte Torena,2911,299,10.1031,46.0883,Bergamo Alps,Bergamo/Sondrio,IT,0
Pic du Béal Traversier,2910,550,6.6894,44.7569,Central Cottian Alps,Hautes-Alpes,FR,0
Aiguille de Cédéra,2909,458,6.2847,44.7386,Massif des Écrins,Hautes-Alpes,FR,0
Grande Séolane,2909,385,6.5464,44.3378,Provence Alps,A-d-H-Provence,FR,0
Puy Gris,2908,379,6.1461,45.2958,Belledonne,Savoy,FR,0
Pizzo Diei,2906,623,8.2381,46.2647,Leone-Gotthard Alps,V-C-O,IT,0
Les Grandes Aiguilles,2905,293,6.7850,45.7056,Mont Blanc massif,Savoy,FR,0
Signal du Lauvitel E,2904,306,6.0475,44.9389,Massif des Écrins,Isère,FR,0
Pic de Peyre Eyraute,2903,400,6.6306,44.8228,Central Cottian Alps,Hautes-Alpes,FR,0
Piz Combul,2901,313,10.0439,46.2297,Bernina Range,Graub./Sondrio,CH/IT,0
Grand Chavalard,2899,446,7.1131,46.1786,Vaud Alps,Valais,CH,0
Becca di Nona,2898,374,7.4161,45.8397,Weisshorn-Matterhorn,Aosta Valley,IT,1832
Le Pouzenc,2898,374,6.5169,44.4592,Southern Cottian Alps,A-d-H-Provence,FR,0
Monte Frisozzo,2897,609,10.4492,46.0244,Adamello-Presanella,Brescia,IT,1854
Holzgauer Wetterspitze,2895,592,10.3694,47.2064,Lechtal Alps,North Tyrol,AT,1832
Reinhart,2891,318,12.1797,47.0422,Venediger Group,South Tyrol,IT,1893
Regenstein,2891,316,12.4906,46.8606,Villgraten Mountains,East Tyrol,AT,0
Monte Orsiera,2890,859,7.1072,45.0639,Central Cottian Alps,Turin,IT,0
Schwarzhorn / Piz Gren,2890,355,9.0228,46.6775,Adula Alps,Graubünden,CH,0
Monte Re di Castello,2889,312,10.4833,46.0217,Adamello-Presanella,Brescia/Trentino,IT,1854
Vorderseespitze,2889,310,10.3669,47.1847,Lechtal Alps,North Tyrol,AT,1855
Napfspitze,2888,343,11.7394,46.9369,Zillertal Alps,South Tyrol,IT,0
Schildflue,2887,333,9.9564,46.8806,Silvretta,Graubünden,CH,0
Wissigstock,2887,329,8.5067,46.8456,Urner Alps,Obwalden/Uri,CH,0
Lizumer Reckner,2886,548,11.6308,47.1439,Tux Alps,North Tyrol,AT,0
Guggernüll,2886,377,9.2714,46.5239,Adula Alps,Graubünden,CH,0
Le Chevalier,2886,373,6.7592,44.3306,Maritime Alps,Alpes Maritimes,FR,0
Pizzo Recastello,2886,373,10.0756,46.0569,Bergamo Alps,Bergamo,IT,1876
Rietzer Grieskogel,2884,867,11.0594,47.2458,Stubai Alps,North Tyrol,AT,1829
Monteaviolo,2881,561,10.3986,46.1853,Adamello-Presanella,Brescia,IT,0
Pointe de la Terrasse,2881,405,6.7247,45.6708,Beaufortain Massif,Savoy,FR,0
Piz Fess,2880,501,9.2886,46.7275,Adula Alps,Graubünden,CH,1895
Cima della Sasse,2878,402,12.0644,46.3569,Dolomites - SE,Belluno,IT,0
Moiazza Sud,2878,402,12.0581,46.3383,Dolomites - SE,Belluno,IT,1895
Pointe de Cloutzau,2878,329,6.7475,45.0072,Massif des Cerces,H-Alpes/Turin,FR/IT,0
Peitlerkofel / Sas de Pütia,2875,638,11.8200,46.6589,Dolomites - NW,South Tyrol,IT,1885
Eisentälispitze,2875,386,9.9625,46.9133,Silvretta,Vorarlb/Graub.,AT/CH,1892
Schwalbenkofel,2873,328,12.2703,46.6522,Sexten Dolomites,South Tyrol,IT,0
Monte Carbonè,2873,309,7.4306,44.1603,Maritime Alps,Cuneo,IT,0
Monte Agner,2872,542,11.9528,46.2764,Dolomites - S,Belluno,IT,1875
Mont Bégo,2872,323,7.4508,44.0739,Maritime Alps,Alpes Maritimes,FR,0
Tête des Vieux,2872,302,6.9350,45.7589,Mont Blanc massif,Aosta Valley,IT,0
Le Grand Aréa,2869,442,6.5733,44.9800,Massif des Cerces,Hautes-Alpes,FR,0
Kolbenspitze,2868,367,11.1478,46.7728,Ötztal Alps,South Tyrol,IT,0
Punta Cornour,2867,417,7.0931,44.8506,Central Cottian Alps,Turin,IT,1836
Tête de Gaulent,2867,350,6.5256,44.7189,Massif des Écrins,Hautes-Alpes,FR,0
Nufenenstock,2866,381,8.3883,46.4669,Leone-Gotthard Alps,Ticino/Valais,CH,0
Rocher de Plassa,2865,409,6.6892,45.3731,Vanoise massif,Savoy,FR,0
Triglav,2864,2048,13.8369,46.3781,Julian Alps,West Slovenia,SI,1778
Pala di Meduce,2864,304,12.2975,46.5019,Dolomites - NE,Belluno,IT,1890
Poncione di Braga,2864,301,8.5428,46.4342,Ticino Alps,Ticino,CH,0
Wandfluhhorn / Pizzo Biela,2863,452,8.4642,46.3447,Ticino Alps,Ticino/V-C-O,CH/IT,0
Hochgolling,2862,1124,13.7611,47.2661,Niedere Tauern,Salzburg/Styria,AT,1791
Cima de Barna,2862,314,9.2636,46.4206,Adula Alps,Graub./Sondrio,CH/IT,0
Le Taillefer,2857,1490,5.9244,45.0397,Taillefer Massif,Isère,FR,0
Gstellihorn,2855,366,8.1747,46.6622,Vaud Alps,Bern,CH,1836
Piz di Sassiglion,2855,313,10.1125,46.3228,Livigno Alps,Graub./Sondrio,CH/IT,0
Petite Seolane,2854,317,6.5300,44.3575,Provence Alps,A-d-H-Provence,FR,0
Cima Ciantiplagna,2849,673,7.0133,45.0722,Central Cottian Alps,Turin,IT,0
Croda Granda,2849,492,11.9286,46.2486,Dolomites - S,Belluno,IT,1883
Cima d'Asta,2847,939,11.6053,46.1767,Fiemme Alps,Trentino,IT,1816
Punta Nera,2847,431,12.1917,46.5164,Dolomites - NE,Belluno,IT,1876
Monte Spluga,2845,369,9.5617,46.2017,Bregaglia Range,Sondrio,IT,0
Pizol,2844,457,9.3867,46.9592,Glarus Alps,St. Gallen,CH,1864
Sommet du Charra,2844,363,6.7103,45.0214,Massif des Cerces,H-Alpes/Turin,FR/IT,0
Weissfluh,2843,497,9.7953,46.8350,Plessur Alps,Graubünden,CH,0
Pic de Beaudouis,2843,366,6.6944,44.8364,Central Cottian Alps,Hautes-Alpes,FR,0
Schneekarkopf,2843,307,12.0356,47.1411,Zillertal Alps,North Tyrol,AT,0
Cornone di Blumone,2843,295,10.4558,45.9547,Adamello-Presanella,Brescia,IT,1878
Latemar (Diamantiditurm),2842,1097,11.5753,46.3811,Fiemme Alps,S-Tyrol/Trentino,IT,1885
Cima di Gana Bianca,2842,410,8.9922,46.4714,Adula Alps,Ticino,CH,0
Kirchdachspitze,2840,470,11.3419,47.0672,Stubai Alps,North Tyrol,AT,0
Dürrenstein,2839,880,12.1853,46.6725,Dolomites - NE,South Tyrol,IT,0
Cima Cadin di San Lucano,2839,663,12.2881,46.5775,Sexten Dolomites,Belluno,IT,0
Grand Cheval de Bois,2838,424,6.6339,44.2925,Maritime Alps,A-d-H-Provence,FR,0
Kärlskopf,2836,631,12.2361,46.8886,Villgraten Mountains,E-Tyrol/S-Tyrol,AT/IT,0
Tête du Clotonnet,2835,335,6.1011,44.8428,Massif des Écrins,Isère/H-Alpes,FR,0
Gamskarlspitz,2833,374,13.1625,47.0369,Ankogel Group,Carinth/Salzburg,AT,0
Le Cheval Noir,2832,507,6.4139,45.4219,Vanoise massif,Savoy,FR,0
Rocca la Meja,2831,437,7.0689,44.3983,Southern Cottian Alps,Cuneo,IT,0
Drei Türme/Drusentürme,2830,628,9.8100,47.0247,Rätikon,Vorarlberg,AT,0
Aiguille de Venosc,2830,299,6.0872,44.9681,Massif des Écrins,Isère,FR,0
Grand Pic de la Lauzière,2829,836,6.3667,45.4592,Vanoise massif,Savoy,FR,0
Pirchkogel,2828,300,10.9992,47.2319,Stubai Alps,North Tyrol,AT,0
Große Schlenkerspitze,2827,445,10.6153,47.2489,Lechtal Alps,North Tyrol,AT,1882
Graunock,2827,419,11.7889,46.8861,Zillertal Alps,South Tyrol,IT,0
Cime de Bolofré,2827,308,6.8353,44.2231,Maritime Alps,Alpes Maritimes,FR,0
Madrisahorn,2826,600,9.8722,46.9311,Rätikon,Graubünden,CH,0
Kalkwand,2826,342,11.6617,47.1539,Tux Alps,North Tyrol,AT,0
Grand Perron des Encombres,2824,442,6.4503,45.2978,Vanoise massif,Savoy,FR,0
Tête de l'Hivernet,2824,330,6.4531,44.6200,Massif des Écrins,Hautes-Alpes,FR,0
Hoher Herd,2824,313,12.4500,47.1994,Venediger Group,Salzburg,AT,0
Hochmaderer,2823,318,10.0286,46.9286,Silvretta,Vorarlberg,AT,1853
Le Bellachat,2822,351,6.3969,45.3797,Vanoise massif,Savoy,FR,0
Riedbock,2822,297,13.3567,46.9286,Ankogel Group,Carinthia,AT,0
Monfandì,2820,405,7.6194,45.5219,Gran Paradiso Alps,Turin,IT,0
Sulzfluh,2818,475,9.8397,47.0125,Rätikon,Vorarlb/Graub.,AT/CH,1782
Mont Mounier,2817,613,6.9725,44.1547,Maritime Alps,Alpes Maritimes,FR,0
Dosso Resaccio,2814,519,10.2200,46.5011,Livigno Alps,Sondrio,IT,0
Sass Maòr,2814,371,11.8481,46.2325,Dolomites - S,Trentino,IT,1875
Vallüla,2813,776,10.1125,46.9375,Silvretta,N-Tyrol/Vorarlb.,AT,1866
Cima delle Lose,2813,352,6.9250,44.3722,Maritime Alps,Cuneo,IT,0
Frate della Meia,2812,387,7.9242,45.7589,Monte Rosa Alps,Vercelli,IT,0
Seekofel / Sas dla Porta,2810,478,12.0725,46.6750,Dolomites - NE,Belluno/S-Tyrol,IT,0
Valluga,2809,572,10.2131,47.1575,Lechtal Alps,N-Tyrol/Vorarlb.,AT,1877
Monte Campellio,2809,315,10.4772,46.0514,Adamello-Presanella,Brescia/Trentino,IT,0
Peiderspitze,2808,408,11.1217,47.2197,Stubai Alps,North Tyrol,AT,1888
Seejoch,2808,408,11.1031,47.2244,Stubai Alps,North Tyrol,AT,1888
Pizzo Castello,2808,385,8.5653,46.4156,Ticino Alps,Ticino,CH,0
Pic du Frêne,2807,521,6.1983,45.3525,Belledonne,Isère/Savoy,FR,0
Haldensteiner Calanda,2805,1460,9.4675,46.9000,Glarus Alps,Graub./StGallen,CH,1559
Cima de Gagela,2805,723,9.1747,46.3842,Adula Alps,Graubünden,CH,0
Tête à l'Ane,2804,540,6.7797,45.9872,Chablais Alps,Upper Savoy,FR,0
Corona di Redorta,2804,481,8.7322,46.3756,Ticino Alps,Ticino,CH,0
Schlicker Seespitze,2804,327,11.2733,47.1456,Stubai Alps,North Tyrol,AT,1879
Bös Fulen,2802,367,8.9458,46.9672,Glarus Alps,Glarus/Schwyz,CH,0
Cima di Ball,2802,352,11.8444,46.2431,Dolomites - S,Trentino,IT,1869
Corno Mud,2802,317,7.9639,45.8844,Monte Rosa Alps,Vercelli,IT,0
Rollspitze,2800,588,11.5078,46.9464,Zillertal Alps,South Tyrol,IT,0
Rosenjoch,2796,466,11.5433,47.1800,Tux Alps,North Tyrol,AT,0
Col Bechei / Pareispitze,2794,622,12.0444,46.6078,Dolomites - NE,Belluno/S-Tyrol,IT,0
Kärpf,2794,533,9.0933,46.9167,Glarus Alps,Glarus,CH,0
Drättehorn,2794,340,7.8239,46.5822,Bernese Prealps,Bern,CH,0
Pizzo Quadro,2793,470,8.4181,46.2986,Ticino Alps,Ticino/V-C-O,CH/IT,0
Grand Armet,2792,920,5.9344,44.9819,Taillefer Massif,Isère,FR,0
Punta Ciamberline,2792,325,7.3581,44.1656,Maritime Alps,Cuneo,IT,0
Grande Tête de l'Obiou,2790,1542,5.8397,44.7747,Dauphiné Prealps,Isère,FR,0
Pizzo Marumo,2790,435,8.9594,46.5983,Adula Alps,Ticino,CH,0
Muntejela de Senes,2787,456,12.0183,46.6717,Dolomites - NE,South Tyrol,IT,0
Le Luisin,2786,324,6.9700,46.1208,Chablais Alps,Valais,CH,0
Polinik,2784,1575,13.1581,46.8950,Kreuzeck Group,Carinthia,AT,0
Schrotkopf,2784,430,12.5406,47.2089,Granatspitze Group,Salzburg,AT,0
Grande Autane,2782,379,6.2878,44.6492,Massif des Écrins,Hautes-Alpes,FR,0
Hirzer,2781,751,11.2767,46.7372,Sarntal Alps,South Tyrol,IT,0
Tiejer Flue,2781,345,9.7344,46.7808,Plessur Alps,Graubünden,CH,0
Hohe Warte / Coglians,2780,1144,12.8831,46.6069,Carnic Alps,Carinthia/Udine,AT/IT,1865
Monte dei Corni,2779,315,7.6358,45.5708,Gran Paradiso Alps,Aosta/Turin,IT,0
Monte Cassorso,2776,339,7.0181,44.4178,Southern Cottian Alps,Cuneo,IT,0
Grun de St.Maurice,2775,323,6.0572,44.8161,Massif des Écrins,Isère/H-Alpes,FR,0
Imster Muttekopf,2774,300,10.6517,47.2672,Lechtal Alps,North Tyrol,AT,0
Pizzo del Sole,2773,555,8.7678,46.5250,Leone-Gotthard Alps,Ticino,CH,0
Punta Lunella,2772,471,7.2164,45.1972,Graian Alps - SE,Turin,IT,0
Große Sandspitze,2770,1245,12.8119,46.7664,Gailtal Alps,East Tyrol,AT,1866
Madererspitze,2769,495,10.0697,47.0250,Verwall,Vorarlberg,AT,1865
Fallesinspitze,2769,465,10.3003,47.1814,Lechtal Alps,North Tyrol,AT,0
Hochsteinflache,2769,294,11.9978,47.1589,Zillertal Alps,North Tyrol,AT,0
Hochplattig,2768,1189,10.9886,47.3531,Mieminger Chain,North Tyrol,AT,1873
Il Madone,2768,330,8.5669,46.4919,Ticino Alps,Ticino,CH,0
Dristner,2767,313,11.8394,47.1133,Zillertal Alps,North Tyrol,AT,1843
Schwarzkopf,2765,365,12.8608,47.1669,Glockner Group,Salzburg,AT,0
Schächentaler Windgällen,2764,691,8.7917,46.8881,Glarus Alps,Uri,CH,0
Schwarzberg / Piz Nair,2764,343,8.6778,46.6094,Leone-Gotthard Alps,Graubünden/Uri,CH,0
Albristhorn,2763,823,7.4878,46.4981,Bernese Prealps,Bern,CH,0
Rotenkogel,2762,555,12.5989,46.9800,Granatspitze Group,East Tyrol,AT,0
Rastkogel,2762,470,11.7511,47.2042,Tux Alps,North Tyrol,AT,0
Pizzo Massari,2760,424,8.6833,46.4758,Ticino Alps,Ticino,CH,0
Dent de Barme,2759,364,6.8419,46.1319,Chablais Alps,Valais/U-Savoy,CH/FR,0
Grand Ferrand,2758,523,5.8161,44.7225,Dauphiné Prealps,Isère/H-Alpes,FR,1873
Reeti / Rötihorn,2757,341,8.0117,46.6650,Bernese Prealps,Bern,CH,0
Ehrenspitze,2756,347,11.0778,46.7639,Ötztal Alps,South Tyrol,IT,0
Roche de l'Abisse/Rocca dell'Abisso,2755,492,7.5050,44.1436,Maritime Alps,A-Marit/Cuneo,FR/IT,1832
Cima di Cece,2754,736,11.6839,46.2608,Fiemme Alps,Trentino,IT,0
Monte Telenek,2754,440,10.1792,46.0925,Bergamo Alps,Sondrio,IT,0
Jôf dal Montâs,2753,1597,13.4336,46.4358,Julian Alps,Udine,IT,1877
Untere Wildgrubenspitze,2753,980,10.1264,47.1650,Lechtal Alps,Vorarlberg,AT,0
Östliche Eisentalerspitze,2753,358,10.1000,47.0797,Verwall,Vorarlberg,AT,0
Pic de Valsenestre,2752,484,6.0675,44.8867,Massif des Écrins,Isère,FR,0
Cima di Quaira/Karspitze,2752,303,10.6142,46.3086,Ortler Alps,S-Tyrol/Trentino,IT,0
Pointe Percée,2750,1643,6.5561,45.9556,Aravis Range,Upper Savoy,FR,1865
Birkkarspitze,2749,1564,11.4378,47.4111,Karwendel,North Tyrol,AT,1870
Alplerspitz / Mardatsch,2748,321,11.3011,46.7617,Sarntal Alps,South Tyrol,IT,0
Sommet de La Frema,2747,702,6.6986,44.1519,Maritime Alps,A-d-H-Provence,FR,0
Hochwildstelle,2747,480,13.8308,47.3350,Niedere Tauern,Styria,AT,1801
Corno del Lago,2747,409,7.7831,45.6708,Monte Rosa Alps,Aosta Valley,IT,0
Hochwart,2746,308,11.3189,46.7908,Sarntal Alps,South Tyrol,IT,0
Cima Bocche,2745,714,11.7522,46.3542,Dolomites - NW,Trentino,IT,0
Jakobsspitze,2745,531,11.4917,46.7631,Sarntal Alps,South Tyrol,IT,0
Sadnig,2745,385,12.9892,46.9411,Goldberg Group,Carinthia,AT,0
Hochwanner,2744,699,11.0558,47.3961,Wetterstein,N-Tyrol/Bavaria,AT/DE,1870
Roteck,2742,444,13.8506,47.2300,Niedere Tauern,Salzburg/Styria,AT,0
Ärmighore,2742,332,7.7136,46.5417,Bernese Prealps,Bern,CH,0
Madom Gröss,2741,630,8.8311,46.3667,Ticino Alps,Ticino,CH,0
Cima Carnera,2741,319,7.9703,45.8550,Monte Rosa Alps,Vercelli,IT,0
Škrlatica,2740,972,13.8211,46.4328,Julian Alps,West Slovenia,SI,1880
Kasereck,2740,425,13.7717,47.2375,Niedere Tauern,Salzburg,AT,0
Schenadüi,2738,375,8.7486,46.5525,Leone-Gotthard Alps,Ticino,CH,0
Spitzhorli,2737,320,7.9806,46.2644,Weissmies Alps,Valais,CH,0
Monte Zucchero,2735,554,8.7142,46.3542,Ticino Alps,Ticino,CH,0
Kaltwasserkarspitze,2733,320,11.4506,47.4031,Karwendel,North Tyrol,AT,1870
Dremelspitze,2733,307,10.5958,47.2350,Lechtal Alps,North Tyrol,AT,1896
Pic des Cabottes,2732,548,6.0639,45.2419,Belledonne,Isère,FR,0
Clot de la Cime,2732,312,6.7219,44.8167,Central Cottian Alps,Hautes-Alpes,FR,0
Monte Borga,2731,325,10.2083,46.0931,Bergamo Alps,Sondrio,IT,0
Le Grand Coin,2729,328,6.4022,45.3461,Vanoise massif,Savoy,FR,0
Kesselspitze,2728,323,11.3647,47.1006,Stubai Alps,North Tyrol,AT,0
Bergwerkskopf,2728,310,10.6092,47.2250,Lechtal Alps,North Tyrol,AT,1885
Sas de Mezdi / La Mesola,2727,488,11.8775,46.4719,Dolomites - NW,Belluno/Trentino,IT,0
Pizzo di Claro,2727,361,9.0556,46.2958,Adula Alps,Graub./Ticino,CH/IT,0
Pizzo di Prata,2727,352,9.4556,46.2775,Bregaglia Range,Sondrio,IT,0
Großer Bettelwurf,2726,814,11.5200,47.3442,Karwendel,North Tyrol,AT,1855
Hirzer,2725,339,11.6631,47.2178,Tux Alps,North Tyrol,AT,0
Schmalzkopf,2724,327,10.5358,46.9314,Ötztal Alps,North Tyrol,AT,0
Weiße Wand,2722,315,11.8136,46.9458,Zillertal Alps,South Tyrol,IT,0
Dzerbion/Monte Zerbion,2720,306,7.6639,45.7883,Monte Rosa Alps,Aosta Valley,IT,0
Hochwand,2719,402,11.0158,47.3586,Mieminger Chain,North Tyrol,AT,1873
Spitzkofel,2717,457,12.7433,46.7722,Gailtal Alps,East Tyrol,AT,1855
Serles,2717,333,11.3811,47.1239,Stubai Alps,North Tyrol,AT,1579
Ortstock,2716,538,8.9481,46.9253,Glarus Alps,Glarus/Schwyz,CH,0
Valisera,2716,293,9.9558,46.9608,Silvretta,Vorarlberg,AT,0
Cima Ambrizzola,2715,610,12.0981,46.4792,Dolomites - NE,Belluno,IT,1884
Colàc,2715,377,11.7825,46.4414,Dolomites - NW,Trentino,IT,0
Watzmann,2713,953,12.9231,47.5550,Berchtesgaden Alps,Bavaria,DE,1800
Pizzo Straciugo,2713,335,8.1208,46.1322,Weissmies Alps,Valais/V-C-O,CH/IT,0
Croda da Campo,2712,365,12.4342,46.5894,Sexten Dolomites,Belluno,IT,0
Weißeck,2711,451,13.3942,47.1625,Niedere Tauern,Salzburg,AT,0
Mont Saint Sauveur,2711,369,7.1356,44.1647,Maritime Alps,Alpes Maritimes,FR,0
Mont Gond,2710,395,7.2636,46.2856,Vaud Alps,Valais,CH,0
Pic de Bure,2709,1267,5.9350,44.6267,Dauphiné Prealps,Hautes-Alpes,FR,0
Hochkreuz,2709,300,13.0742,46.8150,Kreuzeck Group,Carinthia,AT,0
Gsür,2708,372,7.5197,46.5108,Bernese Prealps,Bern,CH,0
Coston di Slavaci,2708,315,11.7169,46.2622,Fiemme Alps,Trentino,IT,0
Cima dei Preti,2706,1420,12.4208,46.3425,Carnic Prealps,Bell./Pordenone,IT,1874
Penser Weißhorn,2705,458,11.3956,46.8019,Sarntal Alps,South Tyrol,IT,1822
Pizzo Montalto,2705,395,8.1331,46.0975,Weissmies Alps,V-C-O,IT,0
Rote Wand,2704,877,9.9850,47.1864,Lechquellen Alps,Vorarlberg,AT,1610
Monte Fraiteve,2702,403,6.8614,44.9772,Central Cottian Alps,Turin,IT,0
Waldhorn,2702,392,13.8175,47.2961,Niedere Tauern,Salzburg/Styria,AT,1878
Rotsandnollen,2700,493,8.3439,46.8006,Urner Alps,Nidwalden/Obw.,CH,0
Cima Iuribrutto,2697,316,11.7653,46.3592,Dolomites - NW,Trentino,IT,0
Großer Lafatscher,2696,615,11.4528,47.3456,Karwendel,North Tyrol,AT,1867
Monte Peralba,2694,725,12.7194,46.6294,Carnic Alps,Belluno,IT,1854
Piz de Groven,2694,433,9.1592,46.3183,Adula Alps,Graubünden,CH,0
Le Grand Coyer,2693,421,6.6903,44.1006,Maritime Alps,A-d-H-Provence,FR,0
Tête du Colonney,2692,521,6.6908,45.9717,Chablais Alps,Upper Savoy,FR,0
Ilmspitze,2692,300,11.3303,47.0572,Stubai Alps,North Tyrol,AT,1891
Große Kinigat / Monte Cavallino,2689,595,12.5244,46.6753,Carnic Alps,E-Tyrol/Belluno,AT/IT,1898
Piz Pian Grand,2689,528,9.1556,46.4175,Adula Alps,Graubünden,CH,0
Aiguilles de la Pennaz,2688,359,6.6994,45.7450,Beaufortain Massif,Savoy/U-Savoy,FR,0
Hochfeind,2687,572,13.4950,47.1872,Niedere Tauern,Salzburg,AT,0
Schwabenalpenkopf,2687,296,12.2867,46.6453,Sexten Dolomites,South Tyrol,IT,0
Grand Mont,2686,577,6.5372,45.6319,Beaufortain Massif,Savoy,FR,0
Cima del Serraglio,2685,350,10.2422,46.5928,Ortler Alps,Graub./Sondrio,CH/IT,0
Deichselspitze,2684,385,13.8222,47.2703,Niedere Tauern,Salzburg/Styria,AT,0
Le Chapeau de Gendarme,2682,368,6.6658,44.3383,Maritime Alps,Alpes Maritimes,FR,0
Leutascher Dreitorspitze,2682,346,11.1244,47.4006,Wetterstein,N-Tyrol/Bavaria,AT/DE,1871
Hochstadel,2681,386,12.8572,46.7600,Gailtal Alps,Carinthia/E-Tyrol,AT,0
Mosermandl,2680,555,13.3961,47.2061,Niedere Tauern,Salzburg,AT,0
Mangart / Velike Mangrt,2679,1067,13.6547,46.4394,Julian Alps,Udine/Slovenia,IT/SI,1794
Spullerschafberg,2679,670,10.0758,47.1739,Lechquellen Alps,Vorarlberg,AT,0
Punta Tempesta,2679,309,7.1383,44.4219,Southern Cottian Alps,Cuneo,IT,0
Cima di Santa Maria,2678,436,10.9508,46.2128,Brenta Dolomites,Trentino,IT,0
Gaflunakopf,2676,351,10.1347,47.0639,Verwall,N-Tyrol/Vorarlb.,AT,0
Piz della Forcola,2675,449,9.2933,46.3164,Adula Alps,Graub./Sondrio,CH/IT,0
Mont Pépoiri,2674,643,7.2028,44.1108,Maritime Alps,Alpes Maritimes,FR,0
Mont Rougnous,2673,465,6.8739,44.1842,Maritime Alps,Alpes Maritimes,FR,0
Elendberg,2672,346,13.7469,47.2839,Niedere Tauern,Styria,AT,0
Ballunspitze,2671,400,10.1350,46.9553,Silvretta,N-Tyrol/Vorarlb.,AT,1861
Stübele/Stubele,2671,384,10.9367,46.4678,Ortler Alps,S-Tyrol/Trentino,IT,0
Sas Ciampac/Ciampatsch,2671,305,11.8353,46.5631,Dolomites - NW,South Tyrol,IT,0
Le Grand Miceau,2669,300,6.2122,45.3711,Belledonne,Savoy,FR,0
Duranno,2668,510,12.4028,46.3289,Carnic Prealps,Bell./Pordenone,IT,0
Südliche Sonnenspitze,2668,325,11.4778,47.3867,Karwendel,North Tyrol,AT,1870
Jôf Fuart / Wischberg /Viš,2666,528,13.4914,46.4306,Julian Alps,Udine,IT,0
Les Avoudrues,2666,385,6.8131,46.1011,Chablais Alps,Upper Savoy,FR,0
Monte Bruffione,2665,350,10.4914,45.9422,Adamello-Presanella,Brescia/Trentino,IT,0
Monte Cernera,2664,304,12.0583,46.4689,Dolomites - NE,Belluno,IT,0
Toblacher Pfannhorn,2663,337,12.2842,46.7839,Villgraten Mountains,E-Tyrol/S-Tyrol,AT/IT,0
Hohe Munde,2662,603,11.0719,47.3478,Mieminger Chain,North Tyrol,AT,0
Grünstein,2661,389,10.9214,47.3489,Mieminger Chain,North Tyrol,AT,0
Pointe Rousse des Chambres,2660,322,6.8203,46.1128,Chablais Alps,Upper Savoy,FR,0
Pizzo Giezza,2658,555,8.1967,46.1792,Weissmies Alps,V-C-O,IT,0
Piz Toissa,2657,310,9.5250,46.6186,Oberhalbstein Range,Graubünden,CH,0
Großer Krottenkopf,2656,996,10.3558,47.3117,Allgäu Alps,North Tyrol,AT,1864
Ilmenspitze /Cima delgi Olmi,2656,312,10.9639,46.4819,Ortler Alps,S-Tyrol/Trentino,IT,0
Selbhorn,2655,409,12.9636,47.4469,Berchtesgaden Alps,Salzburg,AT,0
Sommet du Guiau,2654,442,6.6736,45.0200,Massif des Cerces,H-Alpes/Turin,FR/IT,0
Faulkogel,2654,350,13.3725,47.2161,Niedere Tauern,Salzburg,AT,0
Schönfeldspitze,2653,384,12.9375,47.4581,Berchtesgaden Alps,Salzburg,AT,0
Aferer Geisler (Tullen),2653,296,11.7750,46.6536,Dolomites - NW,South Tyrol,IT,0
Männliflue,2652,374,7.5464,46.5514,Bernese Prealps,Bern,CH,0
Hohes Licht,2651,678,10.2761,47.2803,Allgäu Alps,North Tyrol,AT,1854
Punta Marguareis,2650,779,7.6844,44.1739,Ligurian Alps,A-Marit/Cuneo,FR/IT,0
Le Chenaillet,2650,496,6.7406,44.9022,Central Cottian Alps,Hautes-Alpes,FR,0
Braunarlspitze,2649,612,10.0644,47.2294,Lechquellen Alps,Vorarlberg,AT,0
Averau,2649,413,12.0369,46.5008,Dolomites - NE,Belluno,IT,1874
Jalovec,2645,511,13.6797,46.4217,Julian Alps,West Slovenia,SI,1875
Crête des Crousas,2645,422,6.6606,44.7231,Central Cottian Alps,Hautes-Alpes,FR,0
Zimba,2643,578,9.7889,47.0914,Rätikon,Vorarlberg,AT,1848
Heiterwand,2639,745,10.7344,47.3144,Lechtal Alps,North Tyrol,AT,1890
Hocheck,2638,401,13.7242,47.2361,Niedere Tauern,Salzburg,AT,0
Kleiner Solstein,2637,516,11.3244,47.3025,Karwendel,North Tyrol,AT,1867
Birnhorn,2634,1665,12.7339,47.4747,Leoganger Steinberge,Salzburg,AT,1831
Crêt du Rey,2633,514,6.5994,45.6014,Beaufortain Massif,Savoy,FR,0
Urbeleskarspitze,2632,375,10.4686,47.3367,Allgäu Alps,North Tyrol,AT,1869
Großstein,2632,351,10.4944,47.2378,Lechtal Alps,North Tyrol,AT,0
Rüfispitze,2632,342,10.1822,47.1911,Lechtal Alps,Vorarlberg,AT,0
Monte Mongioie,2630,459,7.7856,44.1750,Ligurian Alps,Cuneo,IT,0
Munt Buffalora,2630,351,10.2500,46.6269,Ortler Alps,Graubünden,CH,0
Ultner Hochwart,2627,440,10.9997,46.5117,Ortler Alps,South Tyrol,IT,0
Blutspitze / Steinkarspitze,2626,430,13.6858,47.2497,Niedere Tauern,Salzburg/Styria,AT,0
Monte Pradella,2626,348,9.8506,45.9922,Bergamo Alps,Bergamo,IT,0
Cima d'Auta Orientale,2624,312,11.8861,46.4006,Dolomites - NW,Belluno,IT,0
Valschavielberge,2624,304,10.1267,47.0094,Verwall,Vorarlberg,AT,0
Le Rissiou,2622,522,6.0681,45.1836,Dauphiné Alps,Isère,FR,0
Greifenberg,2618,335,13.7897,47.2892,Niedere Tauern,Salzburg/Styria,AT,0
Monte Stelle delle Sute,2616,550,11.5333,46.2108,Fiemme Alps,Trentino,IT,0
Grande Balmaz,2616,305,6.4967,45.8933,Aravis Range,Savoy/U-Savoy,FR,0
Piz Cavradi,2614,351,8.6956,46.6325,Ticino Alps,Graubünden,CH,0
Pizzo dell'Alpe Gelato,2613,357,8.4442,46.2497,Ticino Alps,Ticino/V-C-O,CH/IT,0
Le Gros Têt,2613,342,6.2397,45.0753,Dauphiné Alps,Savoy,FR,0
Cima Bianca,2612,309,8.8125,46.3878,Ticino Alps,Ticino,CH,0
Monte le Stelière,2612,301,7.1072,44.2658,Maritime Alps,Cuneo,IT,0
Foostock / Ruchen,2611,388,9.2447,46.9567,Glarus Alps,Glarus/StGallen,CH,0
Monte Legnone,2609,624,9.4147,46.0947,Bergamo Alps,Lecco/Sondrio,IT,0
Sommet d'Assan,2609,358,6.7361,44.6856,Southern Cottian Alps,Hautes-Alpes,FR,0
Mittlere Jägerkarspitze,2608,323,11.3758,47.3536,Karwendel,North Tyrol,AT,1859
Hochkalter,2607,663,12.8667,47.5694,Berchtesgaden Alps,Bavaria,DE,1830
Cima del Rouss,2604,381,7.0000,44.3211,Maritime Alps,Cuneo,IT,0
Campanile Ciastelin,2602,395,12.3772,46.5108,Dolomites - NE,Belluno,IT,1890
Becco di Mezzodì,2602,325,12.1144,46.4667,Dolomites - NE,Belluno,IT,1872
Schafseitenspitze,2602,305,11.5544,47.1028,Tux Alps,North Tyrol,AT,0
Razor,2601,332,13.7919,46.4119,Julian Alps,West Slovenia,SI,1842
Monte Cabianca,2601,312,9.8669,46.0100,Bergamo Alps,Bergamo,IT,0
Monte Mars,2600,409,7.9153,45.6333,Biellese Alps,Aosta/Biella,IT,0
Silberpfennig,2600,374,13.0417,47.0892,Goldberg Group,Salzburg,AT,0
Großer Knallstein,2599,548,13.9769,47.3200,Niedere Tauern,Styria,AT,0
Vorder Grauspitz,2599,353,9.5811,47.0528,Rätikon,Graub./Liecht,CH/LI,0
Biberkopf,2599,337,10.2328,47.2706,Allgäu Alps,N-Tyrol/Bavaria,AT/DE,1853
Le Catogne,2598,1100,7.1108,46.0542,Mont Blanc massif,Valais,CH,0
Zellinkopf,2597,445,12.9514,46.8942,Goldberg Group,Carinthia,AT,0
Großer Hundstod,2594,475,12.8867,47.5125,Berchtesgaden Alps,Salzburg/Bavaria,AT/DE,1825
Roc du Bécoin,2594,328,6.6639,45.4928,Vanoise massif,Savoy,FR,0
Gametzalpenkopf,2594,306,12.1089,46.6892,Dolomites - NE,South Tyrol,IT,0
Pizzo Paglia,2593,498,9.2192,46.2317,Adula Alps,Graubünden,CH,0
Monte Forno / Monte Gorio,2593,339,8.3236,46.2953,Leone-Gotthard Alps,V-C-O,IT,0
Hochvogel,2592,572,10.4369,47.3797,Allgäu Alps,N-Tyrol/Bavaria,AT/DE,1832
Zwölferspitz,2592,360,12.7283,46.6617,Carnic Alps,Carinthia,AT,1896
Eggenkofel,2591,714,12.6781,46.7386,Gailtal Alps,East Tyrol,AT,0
Rupprechtseck,2591,417,14.0014,47.2394,Niedere Tauern,Salzburg/Styria,AT,0
Kanin,2587,1397,13.4383,46.3600,Julian Alps,Udine/Slovenia,IT/SI,0
Monte Terza Grande,2586,1277,12.6214,46.5269,Carnic Alps,Belluno,IT,0
Monte Cridola,2581,538,12.4867,46.4264,Carnic Prealps,Belluno,IT,1884
Hochspitz /M. Vancomun,2581,303,12.6686,46.6572,Carnic Alps,E-Tyrol/Belluno,AT/IT,0
Ruitelspitze,2580,322,10.4461,47.2556,Lechtal Alps,North Tyrol,AT,0
Mont Triboulet,2578,336,6.8658,44.2061,Maritime Alps,Alpes Maritimes,FR,0
Türchlwand,2577,475,13.0325,47.1508,Goldberg Group,Salzburg,AT,0
Plose (Große Gabler),2576,713,11.7631,46.6897,Dolomites - NW,South Tyrol,IT,0
Stätzerhorn,2575,1028,9.5122,46.7558,Plessur Alps,Graubünden,CH,0
Cima delle Buse,2574,318,11.4981,46.1861,Fiemme Alps,Trentino,IT,0
Pfannenstock,2573,373,8.9114,46.9617,Glarus Alps,Schwyz,CH,0
Westlicher Johanneskopf,2573,328,10.0225,47.2103,Lechquellen Alps,Vorarlberg,AT,0
Torrione dei Longerin,2571,536,12.5614,46.6292,Carnic Alps,Belluno,IT,0
Setsas,2571,403,11.9575,46.5194,Dolomites - NE,Belluno,IT,0
Kanjavec,2569,405,13.8097,46.3603,Julian Alps,West Slovenia,SI,1877
Tête du Collier,2567,903,5.9642,44.7172,Dauphiné Prealps,Hautes-Alpes,FR,0
Maurerkopf,2567,352,12.0339,46.7128,Dolomites - NE,South Tyrol,IT,0
Schiara,2565,964,12.1822,46.2300,Dolomites - SE,Belluno,IT,0
Hinter Planitzer,2562,317,12.6369,47.2178,Glockner Group,Salzburg,AT,0
Le Grand Galbert,2561,487,5.9597,45.0906,Taillefer Massif,Isère,FR,0
Grintovec,2558,1706,14.5361,46.3569,Kamnik Alps,East Slovenia,SI,1759
Kreuzjoch,2558,1051,11.9828,47.2514,Kitzbühel Alps,North Tyrol,AT,0
Monte Bo,2556,616,7.9989,45.7142,Biellese Alps,Biella,IT,0
Wolayer Seekopf / Monte Capolago,2554,585,12.8608,46.6061,Carnic Alps,Carinthia/Udine,AT/IT,0
Pizzo Tre Signori,2554,462,9.5283,46.0119,Bergamo Alps,Berg/Lecc/Sond,IT,0
Modeon del Buinz,2554,313,13.4711,46.4167,Julian Alps,Udine,IT,0
Namloser Wetterspitze,2553,722,10.6417,47.3231,Lechtal Alps,North Tyrol,AT,1876
Kirchlispitzen,2552,313,9.7694,47.0389,Rätikon,Vorarlb/Graub.,AT/CH,1891
Tàmer Piccolo,2550,846,12.1219,46.3106,Dolomites - SE,Belluno,IT,1892
Concarena (Cima della Bacchetta),2549,721,10.2800,46.0108,Bergamasque Prealps,Bergamo,IT,0
Monte Brentoni,2548,1017,12.5658,46.5128,Carnic Alps,Belluno,IT,0
Le Tarent,2548,1002,7.1475,46.3822,Vaud Alps,Vaud,CH,0
Cima Monfalcon di Montanaia,2548,499,12.4861,46.4044,Carnic Prealps,Bell./Pordenone,IT,0
Sass de Mura,2547,1178,11.9253,46.1636,Dolomites - S,Belluno/Trentino,IT,1881
Rosso di Ribia,2547,569,8.5297,46.2611,Ticino Alps,Ticino,CH,0
Prisojnik,2547,551,13.7700,46.4253,Julian Alps,West Slovenia,SI,0
Hochnissl,2547,360,11.6181,47.3672,Karwendel,North Tyrol,AT,0
Les Aiguillettes,2547,313,6.1250,45.1839,Dauphiné Alps,Isère,FR,0
Monte Cresto,2546,327,7.9100,45.6808,Biellese Alps,Aosta/Biella,IT,0
L'Aiguille Rouge,2545,351,6.6444,45.0461,Massif des Cerces,Hautes-Alpes,FR,0
Predigstuhl,2543,385,13.9114,47.2619,Niedere Tauern,Styria,AT,0
Monte Talvena,2542,602,12.1558,46.2661,Dolomites - SE,Belluno,IT,0
Giferspitz,2542,556,7.3533,46.4511,Bernese Prealps,Bern,CH,0
Mohnenfluh,2542,387,10.1022,47.2322,Lechquellen Alps,Vorarlberg,AT,0
Pöngertlekopf & Pfaffeneck,2539,632,10.0344,47.1742,Lechquellen Alps,Vorarlberg,AT,0
Östliche Karwendelspitze,2537,734,11.4219,47.4450,Karwendel,N-Tyrol/Bavaria,AT/DE,1870
Pizzo Cavregasco,2535,334,9.2764,46.2394,Adula Alps,Como/Sondrio,IT,0
Glogghüs,2534,554,8.2625,46.7606,Urner Alps,Bern/Obwalden,CH,0
Hochwang,2534,417,9.6331,46.8742,Plessur Alps,Graubünden,CH,0
Pointe de Comborsier,2534,403,6.5156,45.6103,Beaufortain Massif,Savoy,FR,0
Großer Widderstein,2533,845,10.1292,47.2847,Allgäu Alps,Vorarlberg,AT,1669
Cima Quarazza,2530,413,11.5700,46.1297,Fiemme Alps,Trentino,IT,0
Cima Coltorondo,2530,350,11.6381,46.2558,Fiemme Alps,Trentino,IT,0
Gurpitscheck,2526,660,13.6147,47.2108,Niedere Tauern,Salzburg,AT,0
Gamskofel,2526,467,12.9008,46.6308,Carnic Alps,Carinthia,AT,0
Mont Joly,2525,536,6.6931,45.8261,Beaufortain Massif,Upper Savoy,FR,0
Magerrain,2524,357,9.2200,47.0331,Glarus Alps,Glarus/StGallen,CH,0
Hocheisspitze,2523,410,12.8433,47.5469,Berchtesgaden Alps,Salzburg/Bavaria,AT/DE,1868
Hoher Göll,2522,789,13.0678,47.5942,Berchtesgaden Alps,Salzburg/Bavaria,AT/DE,1800
Presolana,2521,725,10.0553,45.9567,Bergamasque Prealps,Bergamo,IT,1870
Monte delle Scale,2521,580,10.3267,46.5025,Livigno Alps,Sondrio,IT,0
Tschuggen,2521,460,7.9497,46.6003,Bernese Prealps,Bern,CH,0
Hochjoch,2520,547,9.9881,47.0661,Verwall,Vorarlberg,AT,0
Dreispitz,2520,523,7.7597,46.5928,Bernese Prealps,Bern,CH,0
Steinwand / Creta Verde,2520,509,12.7922,46.6428,Carnic Alps,Carinthia/Udine,AT/IT,0
Cima di Bri,2520,313,8.8842,46.3053,Ticino Alps,Ticino,CH,0
Monte Seleron,2519,458,9.7289,46.1000,Bergamo Alps,Sondrio,IT,0
Großer Priel,2515,1710,14.0633,47.7169,Totes Gebirge,Upper Austria,AT,1817
Chaiserstock,2515,470,8.7286,46.9283,Glarus Alps,Schwyz/Uri,CH,0
Cima Busa Alta,2513,331,11.6094,46.2497,Fiemme Alps,Trentino,IT,0
Glanderspitze,2512,971,10.6617,47.1483,Ötztal Alps,North Tyrol,AT,0
Pizzo Arera,2512,691,9.8158,45.9347,Bergamasque Prealps,Bergamo,IT,0
Pizzo Alto,2512,320,9.4567,46.0775,Bergamo Alps,Lecco/Sondrio,IT,0
Großes Ochsenhorn,2511,1309,12.6608,47.5383,Loferer Steinberge,Salzburg,AT,0
Villanderer Berg,2509,426,11.4189,46.6586,Sarntal Alps,South Tyrol,IT,0
Mitterhorn,2506,335,12.6286,47.5494,Loferer Steinberge,Salzburg,AT,0
Dormillouse,2505,392,6.3869,44.4097,Provence Alps,A-d-H-Provence,FR,0
Breithorn,2504,327,12.9028,47.4569,Berchtesgaden Alps,Salzburg,AT,0
Cima di Pape / Cima di Sanson,2503,696,11.9281,46.3344,Dolomites - S,Belluno,IT,0
Piz Ledu,2503,375,9.3217,46.2325,Adula Alps,Como/Sondrio,IT,0
Säntis,2502,2015,9.3433,47.2494,Appenzell Alps,App/StG[Note 14],CH,1680
Großer Pleißlingkeil,2501,410,13.4914,47.2272,Niedere Tauern,Salzburg,AT,0
Marchkopf,2499,372,11.8061,47.2511,Tux Alps,North Tyrol,AT,0
Castello di Moschesin,2499,314,12.1328,46.2972,Dolomites - SE,Belluno,IT,1885
